Book Title:,,,,,,,,,,,,,,,,,,,,,
Total Pages:,,,,,,,,,,,,,,,,,,,,,
Total Days:,,,,,,,,,,,,,,,,,,,,,
Avg Pages / Day:,,,,,,,,,,,,,,,,,,,,,
Schedule Start:,,,,,,,,,,,,,,,,,,,,,
Schedule End:,,,,,,,,,,,,,,,,,,,,,
,,,,,,,,,,,,,,,,,,,,,
Day #,Date,Plan Name,Day of Week,Book,Chapter or Section,Verse Range,Verses,Pages,Page Range,Plan #,Chapter (English),Segment Span,Chanting Guide,Chanting Guide(Sinhala),Chanting Guide(Bengali),Pali Word of the day,Pali Word of the day(Sinhali),Pali Word of the day(Bengali),notification title,notification body ,notification button text
1,14 May,"Days 1-6
Compendium of Phenomena - The Matrix",Fri,Dhammasaṅgaṇīpāḷi,1. Tikamātikā,1–22,22,3,2–4,1,Triplet Matrix,5-28,,,,,,,,,
2,15 May,,Sat,Dhammasaṅgaṇīpāḷi,2. Dukamātikā,1–29,29,4,5–8,,Couplet Matrix,29-62,,,,,,,,,
3,16 May,,Sun,Dhammasaṅgaṇīpāḷi,2. Dukamātikā,30–54,25,3,9–11,,Couplet Matrix,63-101,,,,,,,,,
4,17 May,,Mon,Dhammasaṅgaṇīpāḷi,2. Dukamātikā,55–82,28,3,12–14,,Couplet Matrix,102-135,,,,,,,,,
5,18 May,,Tue,Dhammasaṅgaṇīpāḷi,2. Dukamātikā,83–109,27,3,15–17,,Couplet Matrix,136-166,,,,,,,,,
6,19 May,,Wed,Dhammasaṅgaṇīpāḷi,2. Dukamātikā,110–139,30,3,18–20,,Couplet Matrix,167-201,,,,,,,,,
7,20 May,"""Days 7-37
Compendium of Phenomena - Conciousness""",Thu,Dhammasaṅgaṇīpāḷi,1. Cittuppādakaṇḍaṃ,1–26,26,4,21–24,2,Section on the Arising of Consciousness,202-217,,,,,,,,,
8,21 May,,Fri,Dhammasaṅgaṇīpāḷi,1. Cittuppādakaṇḍaṃ,27–57,31,4,25–28,,Section on the Arising of Consciousness,218-263,,,,,,,,,
9,22 May,,Sat,Dhammasaṅgaṇīpāḷi,1. Cittuppādakaṇḍaṃ,58–88,31,4,29–32,,Section on the Arising of Consciousness,264-289,,,,,,,,,
10,23 May,,Sun,Dhammasaṅgaṇīpāḷi,1. Cittuppādakaṇḍaṃ,89–120,32,4,33–36,,Section on the Arising of Consciousness,290-337,,,,,,,,,
11,24 May,,Mon,Dhammasaṅgaṇīpāḷi,1. Cittuppādakaṇḍaṃ,121–150,30,4,37–40,,Section on the Arising of Consciousness,338-373,,,,,,,,,
12,25 May,,Tue,Dhammasaṅgaṇīpāḷi,1. Cittuppādakaṇḍaṃ,151–163,13,4,41–44,,Section on the Arising of Consciousness,374-394,,,,,,,,,
13,26 May,,Wed,Dhammasaṅgaṇīpāḷi,1. Cittuppādakaṇḍaṃ,164–176,13,4,45–48,,Section on the Arising of Consciousness,395-409,,,,,,,,,
14,27 May,,Thu,Dhammasaṅgaṇīpāḷi,1. Cittuppādakaṇḍaṃ,177–201,25,4,49–52,,Section on the Arising of Consciousness,410-440,,,,,,,,,
15,28 May,,Fri,Dhammasaṅgaṇīpāḷi,1. Cittuppādakaṇḍaṃ,202–220,19,4,53–56,,Section on the Arising of Consciousness,,,,,,,,,,
16,29 May,,Sat,Dhammasaṅgaṇīpāḷi,1. Cittuppādakaṇḍaṃ,221–239,19,4,57–60,,Section on the Arising of Consciousness,,,,,,,,,,
17,30 May,,Sun,Dhammasaṅgaṇīpāḷi,1. Cittuppādakaṇḍaṃ,240–262,23,4,61–64,,Section on the Arising of Consciousness,,,,,,,,,,
18,31 May,,Mon,Dhammasaṅgaṇīpāḷi,1. Cittuppādakaṇḍaṃ,263–276,14,4,65–68,,Section on the Arising of Consciousness,,,,,,,,,,
19,1 Jun,,Tue,Dhammasaṅgaṇīpāḷi,1. Cittuppādakaṇḍaṃ,277–303,27,4,69–72,,Section on the Arising of Consciousness,,,,,,,,,,
20,2 Jun,,Wed,Dhammasaṅgaṇīpāḷi,1. Cittuppādakaṇḍaṃ,304–334,31,4,73–76,,Section on the Arising of Consciousness,,,,,,,,,,
21,3 Jun,,Thu,Dhammasaṅgaṇīpāḷi,1. Cittuppādakaṇḍaṃ,335–353,19,4,77–80,,Section on the Arising of Consciousness,,,,,,,,,,
22,4 Jun,,Fri,Dhammasaṅgaṇīpāḷi,1. Cittuppādakaṇḍaṃ,354–364,11,3,81–83,,Section on the Arising of Consciousness,,,,,,,,,,
23,5 Jun,,Sat,Dhammasaṅgaṇīpāḷi,1. Cittuppādakaṇḍaṃ,365–387,23,3,84–86,,Section on the Arising of Consciousness,,,,,,,,,,
24,6 Jun,,Sun,Dhammasaṅgaṇīpāḷi,1. Cittuppādakaṇḍaṃ,388–403,16,3,87–89,,Section on the Arising of Consciousness,,,,,,,,,,
25,7 Jun,,Mon,Dhammasaṅgaṇīpāḷi,1. Cittuppādakaṇḍaṃ,404–419,16,3,90–92,,Section on the Arising of Consciousness,,,,,,,,,,
26,8 Jun,,Tue,Dhammasaṅgaṇīpāḷi,1. Cittuppādakaṇḍaṃ,420–432,13,3,93–95,,Section on the Arising of Consciousness,,,,,,,,,,
27,9 Jun,,Wed,Dhammasaṅgaṇīpāḷi,1. Cittuppādakaṇḍaṃ,433–454,22,3,96–98,,Section on the Arising of Consciousness,,,,,,,,,,
28,10 Jun,,Thu,Dhammasaṅgaṇīpāḷi,1. Cittuppādakaṇḍaṃ,455–477,23,3,99–101,,Section on the Arising of Consciousness,,,,,,,,,,
29,11 Jun,,Fri,Dhammasaṅgaṇīpāḷi,1. Cittuppādakaṇḍaṃ,478–498,21,3,102–104,,Section on the Arising of Consciousness,,,,,,,,,,
30,12 Jun,,Sat,Dhammasaṅgaṇīpāḷi,1. Cittuppādakaṇḍaṃ,499–508,10,3,105–107,,Section on the Arising of Consciousness,,,,,,,,,,
31,13 Jun,,Sun,Dhammasaṅgaṇīpāḷi,1. Cittuppādakaṇḍaṃ,509–518,10,3,108–110,,Section on the Arising of Consciousness,,,,,,,,,,
32,14 Jun,,Mon,Dhammasaṅgaṇīpāḷi,1. Cittuppādakaṇḍaṃ,519–528,10,3,111–113,,Section on the Arising of Consciousness,,,,,,,,,,
33,15 Jun,,Tue,Dhammasaṅgaṇīpāḷi,1. Cittuppādakaṇḍaṃ,529–539,11,3,114–116,,Section on the Arising of Consciousness,,,,,,,,,,
34,16 Jun,,Wed,Dhammasaṅgaṇīpāḷi,1. Cittuppādakaṇḍaṃ,540–549,10,3,117–119,,Section on the Arising of Consciousness,,,,,,,,,,
35,17 Jun,,Thu,Dhammasaṅgaṇīpāḷi,1. Cittuppādakaṇḍaṃ,550–560,11,3,120–122,,Section on the Arising of Consciousness,,,,,,,,,,
36,18 Jun,,Fri,Dhammasaṅgaṇīpāḷi,1. Cittuppādakaṇḍaṃ,561–571,11,3,123–125,,Section on the Arising of Consciousness,,,,,,,,,,
37,19 Jun,,Sat,Dhammasaṅgaṇīpāḷi,1. Cittuppādakaṇḍaṃ,572–582,11,3,126–128,,Section on the Arising of Consciousness,,,,,,,,,,
38,20 Jun,"Days 38-54
Compendium of Phenomena - Material Form",Sun,Dhammasaṅgaṇīpāḷi,2. Rūpakaṇḍaṃ,583–585,3,4,129–132,3,Section on Matter,,,,,,,,,,
39,21 Jun,,Mon,Dhammasaṅgaṇīpāḷi,2. Rūpakaṇḍaṃ,586,1,4,133–136,,Section on Matter,,,,,,,,,,
40,22 Jun,,Tue,Dhammasaṅgaṇīpāḷi,2. Rūpakaṇḍaṃ,587–594,8,4,137–140,,Section on Matter,,,,,,,,,,
41,23 Jun,,Wed,Dhammasaṅgaṇīpāḷi,2. Rūpakaṇḍaṃ,595–610,16,4,141–144,,Section on Matter,,,,,,,,,,
42,24 Jun,,Thu,Dhammasaṅgaṇīpāḷi,2. Rūpakaṇḍaṃ,611–623,13,4,145–148,,Section on Matter,,,,,,,,,,
43,25 Jun,,Fri,Dhammasaṅgaṇīpāḷi,2. Rūpakaṇḍaṃ,624–648,25,4,149–152,,Section on Matter,,,,,,,,,,
44,26 Jun,,Sat,Dhammasaṅgaṇīpāḷi,2. Rūpakaṇḍaṃ,649–685,37,4,153–156,,Section on Matter,,,,,,,,,,
45,27 Jun,,Sun,Dhammasaṅgaṇīpāḷi,2. Rūpakaṇḍaṃ,686–720,35,3,157–159,,Section on Matter,,,,,,,,,,
46,28 Jun,,Mon,Dhammasaṅgaṇīpāḷi,2. Rūpakaṇḍaṃ,721–751,31,3,160–162,,Section on Matter,,,,,,,,,,
47,29 Jun,,Tue,Dhammasaṅgaṇīpāḷi,2. Rūpakaṇḍaṃ,752–785,34,3,163–165,,Section on Matter,,,,,,,,,,
48,30 Jun,,Wed,Dhammasaṅgaṇīpāḷi,2. Rūpakaṇḍaṃ,786–814,29,3,166–168,,Section on Matter,,,,,,,,,,
49,1 Jul,,Thu,Dhammasaṅgaṇīpāḷi,2. Rūpakaṇḍaṃ,815–848,34,3,169–171,,Section on Matter,,,,,,,,,,
50,2 Jul,,Fri,Dhammasaṅgaṇīpāḷi,2. Rūpakaṇḍaṃ,849–881,33,3,172–174,,Section on Matter,,,,,,,,,,
51,3 Jul,,Sat,Dhammasaṅgaṇīpāḷi,2. Rūpakaṇḍaṃ,882–909,28,3,175–177,,Section on Matter,,,,,,,,,,
52,4 Jul,,Sun,Dhammasaṅgaṇīpāḷi,2. Rūpakaṇḍaṃ,910–932,23,3,178–180,,Section on Matter,,,,,,,,,,
53,5 Jul,,Mon,Dhammasaṅgaṇīpāḷi,2. Rūpakaṇḍaṃ,933–964,32,3,181–183,,Section on Matter,,,,,,,,,,
54,6 Jul,,Tue,Dhammasaṅgaṇīpāḷi,2. Rūpakaṇḍaṃ,965–982,18,3,184–186,,Section on Matter,,,,,,,,,,
55,7 Jul,"Days 55-69
Compendium of Phenomena - Summary",Wed,Dhammasaṅgaṇīpāḷi,3. Nikkhepakaṇḍaṃ,985–1010,26,4,187–190,4,Section of Exposition,,,,,,,,,,
56,8 Jul,,Thu,Dhammasaṅgaṇīpāḷi,3. Nikkhepakaṇḍaṃ,1011–1047,37,4,191–194,,Section of Exposition,,,,,,,,,,
57,9 Jul,,Fri,Dhammasaṅgaṇīpāḷi,3. Nikkhepakaṇḍaṃ,1048–1078,31,4,195–198,,Section of Exposition,,,,,,,,,,
58,10 Jul,,Sat,Dhammasaṅgaṇīpāḷi,3. Nikkhepakaṇḍaṃ,1079–1106,28,4,199–202,,Section of Exposition,,,,,,,,,,
59,11 Jul,,Sun,Dhammasaṅgaṇīpāḷi,3. Nikkhepakaṇḍaṃ,1107–1135,29,4,203–206,,Section of Exposition,,,,,,,,,,
60,12 Jul,,Mon,Dhammasaṅgaṇīpāḷi,3. Nikkhepakaṇḍaṃ,1136–1157,22,4,207–210,,Section of Exposition,,,,,,,,,,
61,13 Jul,,Tue,Dhammasaṅgaṇīpāḷi,3. Nikkhepakaṇḍaṃ,1158–1183,26,4,211–214,,Section of Exposition,,,,,,,,,,
62,14 Jul,,Wed,Dhammasaṅgaṇīpāḷi,3. Nikkhepakaṇḍaṃ,1184–1215,32,3,215–217,,Section of Exposition,,,,,,,,,,
63,15 Jul,,Thu,Dhammasaṅgaṇīpāḷi,3. Nikkhepakaṇḍaṃ,1216–1236,21,3,218–220,,Section of Exposition,,,,,,,,,,
64,16 Jul,,Fri,Dhammasaṅgaṇīpāḷi,3. Nikkhepakaṇḍaṃ,1237–1257,21,3,221–223,,Section of Exposition,,,,,,,,,,
65,17 Jul,,Sat,Dhammasaṅgaṇīpāḷi,3. Nikkhepakaṇḍaṃ,1258–1270,13,3,224–226,,Section of Exposition,,,,,,,,,,
66,18 Jul,,Sun,Dhammasaṅgaṇīpāḷi,3. Nikkhepakaṇḍaṃ,1271–1295,25,3,227–229,,Section of Exposition,,,,,,,,,,
67,19 Jul,,Mon,Dhammasaṅgaṇīpāḷi,3. Nikkhepakaṇḍaṃ,1296–1328,33,3,230–232,,Section of Exposition,,,,,,,,,,
68,20 Jul,,Tue,Dhammasaṅgaṇīpāḷi,3. Nikkhepakaṇḍaṃ,1329–1352,24,3,233–235,,Section of Exposition,,,,,,,,,,
69,21 Jul,,Wed,Dhammasaṅgaṇīpāḷi,3. Nikkhepakaṇḍaṃ,1353–1379,27,3,236–238,,Section of Exposition,,,,,,,,,,
70,22 Jul,"Days 70-77
Compendium of Phenomena - Commentary",Thu,Dhammasaṅgaṇīpāḷi,4. Aṭṭhakathākaṇḍaṃ,1384–1414,31,4,239–242,5,Section of Commentary,,,,,,,,,,
71,23 Jul,,Fri,Dhammasaṅgaṇīpāḷi,4. Aṭṭhakathākaṇḍaṃ,1415–1441,27,4,243–246,,Section of Commentary,,,,,,,,,,
72,24 Jul,,Sat,Dhammasaṅgaṇīpāḷi,4. Aṭṭhakathākaṇḍaṃ,1442–1476,35,4,247–250,,Section of Commentary,,,,,,,,,,
73,25 Jul,,Sun,Dhammasaṅgaṇīpāḷi,4. Aṭṭhakathākaṇḍaṃ,1477–1507,31,4,251–254,,Section of Commentary,,,,,,,,,,
74,26 Jul,,Mon,Dhammasaṅgaṇīpāḷi,4. Aṭṭhakathākaṇḍaṃ,1508–1546,39,4,255–258,,Section of Commentary,,,,,,,,,,
75,27 Jul,,Tue,Dhammasaṅgaṇīpāḷi,4. Aṭṭhakathākaṇḍaṃ,1547–1573,27,3,259–261,,Section of Commentary,,,,,,,,,,
76,28 Jul,,Wed,Dhammasaṅgaṇīpāḷi,4. Aṭṭhakathākaṇḍaṃ,1574–1596,23,3,262–264,,Section of Commentary,,,,,,,,,,
77,29 Jul,,Thu,Dhammasaṅgaṇīpāḷi,4. Aṭṭhakathākaṇḍaṃ,1597–1616,20,3,265–267,,Section of Commentary,,,,,,,,,,
78,30 Jul,"Days 78-94
The Analysis - Aggregates",Fri,Vibhaṅgapāḷi,1. Khandhavibhaṅgo,1–15,15,4,268–271,6,Analysis of the Aggregates,,,,,,,,,,
79,31 Jul,,Sat,Vibhaṅgapāḷi,1. Khandhavibhaṅgo,16–25,10,4,272–275,,Analysis of the Aggregates,,,,,,,,,,
80,1 Aug,,Sun,Vibhaṅgapāḷi,1. Khandhavibhaṅgo,26–33,8,4,276–279,,Analysis of the Aggregates,,,,,,,,,,
81,2 Aug,,Mon,Vibhaṅgapāḷi,1. Khandhavibhaṅgo,34–40,7,4,280–283,,Analysis of the Aggregates,,,,,,,,,,
82,3 Aug,,Tue,Vibhaṅgapāḷi,1. Khandhavibhaṅgo,41–57,17,4,284–287,,Analysis of the Aggregates,,,,,,,,,,
83,4 Aug,,Wed,Vibhaṅgapāḷi,1. Khandhavibhaṅgo,58–64,7,4,288–291,,Analysis of the Aggregates,,,,,,,,,,
84,5 Aug,,Thu,Vibhaṅgapāḷi,1. Khandhavibhaṅgo,65–77,13,4,292–295,,Analysis of the Aggregates,,,,,,,,,,
85,6 Aug,,Fri,Vibhaṅgapāḷi,1. Khandhavibhaṅgo,78–91,14,4,296–299,,Analysis of the Aggregates,,,,,,,,,,
86,7 Aug,,Sat,Vibhaṅgapāḷi,1. Khandhavibhaṅgo,92–95,4,4,300–303,,Analysis of the Aggregates,,,,,,,,,,
87,8 Aug,,Sun,Vibhaṅgapāḷi,1. Khandhavibhaṅgo,96–109,14,3,304–306,,Analysis of the Aggregates,,,,,,,,,,
88,9 Aug,,Mon,Vibhaṅgapāḷi,1. Khandhavibhaṅgo,110–120,11,3,307–309,,Analysis of the Aggregates,,,,,,,,,,
89,10 Aug,,Tue,Vibhaṅgapāḷi,1. Khandhavibhaṅgo,121–123,3,3,310–312,,Analysis of the Aggregates,,,,,,,,,,
90,11 Aug,,Wed,Vibhaṅgapāḷi,1. Khandhavibhaṅgo,124–134,11,3,313–315,,Analysis of the Aggregates,,,,,,,,,,
91,12 Aug,,Thu,Vibhaṅgapāḷi,1. Khandhavibhaṅgo,135–149,15,3,316–318,,Analysis of the Aggregates,,,,,,,,,,
92,13 Aug,,Fri,Vibhaṅgapāḷi,1. Khandhavibhaṅgo,150–152,3,3,319–321,,Analysis of the Aggregates,,,,,,,,,,
93,14 Aug,,Sat,Vibhaṅgapāḷi,1. Khandhavibhaṅgo,153,1,3,322–324,,Analysis of the Aggregates,,,,,,,,,,
94,15 Aug,,Sun,Vibhaṅgapāḷi,1. Khandhavibhaṅgo,—,,3,325–327,,Analysis of the Aggregates,,,,,,,,,,
95,16 Aug,"Days 95-97
The Analysis - Sense Bases",Mon,Vibhaṅgapāḷi,2. Āyatanavibhaṅgo,154–165,12,4,328–331,7,Analysis of the Sense Bases,,,,,,,,,,
96,17 Aug,,Tue,Vibhaṅgapāḷi,2. Āyatanavibhaṅgo,166–171,6,4,332–335,,Analysis of the Sense Bases,,,,,,,,,,
97,18 Aug,,Wed,Vibhaṅgapāḷi,2. Āyatanavibhaṅgo,—,,4,336–339,,Analysis of the Sense Bases,,,,,,,,,,
98,19 Aug,"Days 98-102
The Analysis - Elements",Thu,Vibhaṅgapāḷi,3. Dhātuvibhaṅgo,172–181,10,4,340–343,8,Analysis of the Elements,,,,,,,,,,
99,20 Aug,,Fri,Vibhaṅgapāḷi,3. Dhātuvibhaṅgo,182–184,3,3,344–346,,Analysis of the Elements,,,,,,,,,,
100,21 Aug,,Sat,Vibhaṅgapāḷi,3. Dhātuvibhaṅgo,186–187,2,3,347–349,,Analysis of the Elements,,,,,,,,,,
101,22 Aug,,Sun,Vibhaṅgapāḷi,3. Dhātuvibhaṅgo,188,1,3,350–352,,Analysis of the Elements,,,,,,,,,,
102,23 Aug,,Mon,Vibhaṅgapāḷi,3. Dhātuvibhaṅgo,—,,3,353–355,,Analysis of the Elements,,,,,,,,,,
103,24 Aug,"Days 103-107
The Analysis - Truths",Tue,Vibhaṅgapāḷi,4. Saccavibhaṅgo,189–203,15,4,356–359,9,Analysis of the Truths,,,,,,,,,,
104,25 Aug,,Wed,Vibhaṅgapāḷi,4. Saccavibhaṅgo,204–206,3,4,360–363,,Analysis of the Truths,,,,,,,,,,
105,26 Aug,,Thu,Vibhaṅgapāḷi,4. Saccavibhaṅgo,207–212,6,4,364–367,,Analysis of the Truths,,,,,,,,,,
106,27 Aug,,Fri,Vibhaṅgapāḷi,4. Saccavibhaṅgo,213–218,6,4,368–371,,Analysis of the Truths,,,,,,,,,,
107,28 Aug,,Sat,Vibhaṅgapāḷi,4. Saccavibhaṅgo,—,,4,372–375,,Analysis of the Truths,,,,,,,,,,
108,29 Aug,"Days 108-110
The Analysis - Faculties",Sun,Vibhaṅgapāḷi,5. Indriyavibhaṅgo,219–222,4,4,376–379,10,Analysis of the Faculties,,,,,,,,,,
109,30 Aug,,Mon,Vibhaṅgapāḷi,5. Indriyavibhaṅgo,223–224,2,4,380–383,,Analysis of the Faculties,,,,,,,,,,
110,31 Aug,,Tue,Vibhaṅgapāḷi,5. Indriyavibhaṅgo,—,,4,384–387,,Analysis of the Faculties,,,,,,,,,,
111,1 Sep,"Days 111-123
The Analysis - Dependent Origination",Wed,Vibhaṅgapāḷi,6. Paṭiccasamuppādavibhaṅgo,225–243,19,4,388–391,11,Analysis of Dependent Origination,,,,,,,,,,
112,2 Sep,,Thu,Vibhaṅgapāḷi,6. Paṭiccasamuppādavibhaṅgo,244–248,5,4,392–395,,Analysis of Dependent Origination,,,,,,,,,,
113,3 Sep,,Fri,Vibhaṅgapāḷi,6. Paṭiccasamuppādavibhaṅgo,249–255,6,4,396–399,,Analysis of Dependent Origination,,,,,,,,,,
114,4 Sep,,Sat,Vibhaṅgapāḷi,6. Paṭiccasamuppādavibhaṅgo,256–263,8,4,400–403,,Analysis of Dependent Origination,,,,,,,,,,
115,5 Sep,,Sun,Vibhaṅgapāḷi,6. Paṭiccasamuppādavibhaṅgo,265–271,7,4,404–407,,Analysis of Dependent Origination,,,,,,,,,,
116,6 Sep,,Mon,Vibhaṅgapāḷi,6. Paṭiccasamuppādavibhaṅgo,272–275,4,4,408–411,,Analysis of Dependent Origination,,,,,,,,,,
117,7 Sep,,Tue,Vibhaṅgapāḷi,6. Paṭiccasamuppādavibhaṅgo,276–280,5,4,412–415,,Analysis of Dependent Origination,,,,,,,,,,
118,8 Sep,,Wed,Vibhaṅgapāḷi,6. Paṭiccasamuppādavibhaṅgo,281–292,12,4,416–419,,Analysis of Dependent Origination,,,,,,,,,,
119,9 Sep,,Thu,Vibhaṅgapāḷi,6. Paṭiccasamuppādavibhaṅgo,293–305,12,4,420–423,,Analysis of Dependent Origination,,,,,,,,,,
120,10 Sep,,Fri,Vibhaṅgapāḷi,6. Paṭiccasamuppādavibhaṅgo,306–316,11,4,424–427,,Analysis of Dependent Origination,,,,,,,,,,
121,11 Sep,,Sat,Vibhaṅgapāḷi,6. Paṭiccasamuppādavibhaṅgo,317–327,11,4,428–431,,Analysis of Dependent Origination,,,,,,,,,,
122,12 Sep,,Sun,Vibhaṅgapāḷi,6. Paṭiccasamuppādavibhaṅgo,328–341,14,4,432–435,,Analysis of Dependent Origination,,,,,,,,,,
123,13 Sep,,Mon,Vibhaṅgapāḷi,6. Paṭiccasamuppādavibhaṅgo,342–354,13,4,436–439,,Analysis of Dependent Origination,,,,,,,,,,
124,14 Sep,"Days 124-126
The Analysis - Foundations of Mindfulness",Tue,Vibhaṅgapāḷi,7. Satipaṭṭhānavibhaṅgo,355–365,11,5,440–444,12,Analysis of the Foundations of Mindfulness,,,,,,,,,,
125,15 Sep,,Wed,Vibhaṅgapāḷi,7. Satipaṭṭhānavibhaṅgo,366–373,8,4,445–448,,Analysis of the Foundations of Mindfulness,,,,,,,,,,
126,16 Sep,,Thu,Vibhaṅgapāḷi,7. Satipaṭṭhānavibhaṅgo,374–389,16,4,449–452,,Analysis of the Foundations of Mindfulness,,,,,,,,,,
127,17 Sep,"Days 127-128
The Analysis - Right Exertions",Fri,Vibhaṅgapāḷi,8. Sammappadhānavibhaṅgo,390–412,23,4,453–456,13,Analysis of the Right Strivings,,,,,,,,,,
128,18 Sep,,Sat,Vibhaṅgapāḷi,8. Sammappadhānavibhaṅgo,413–429,17,3,457–459,,Analysis of the Right Strivings,,,,,,,,,,
129,19 Sep,"Days 129-130
The Analysis - Right Exertions",Sun,Vibhaṅgapāḷi,9. Iddhipādavibhaṅgo,430–446,17,5,460–464,14,Analysis of the Bases of Power,,,,,,,,,,
130,20 Sep,,Mon,Vibhaṅgapāḷi,9. Iddhipādavibhaṅgo,447–465,19,5,465–469,,Analysis of the Bases of Power,,,,,,,,,,
131,21 Sep,"Days 131-132
The Analysis - Factors of Enlightenment",Tue,Vibhaṅgapāḷi,10. Bojjhaṅgavibhaṅgo,466–474,9,3,470–472,15,Analysis of the Factors of Enlightenment,,,,,,,,,,
132,22 Sep,,Wed,Vibhaṅgapāḷi,10. Bojjhaṅgavibhaṅgo,475–484,10,3,473–475,,Analysis of the Factors of Enlightenment,,,,,,,,,,
133,23 Sep,"Days 133-134
The Analysis - Path",Thu,Vibhaṅgapāḷi,11. Maggaṅgavibhaṅgo,485–495,11,4,476–479,16,Analysis of the Path Factors,,,,,,,,,,
134,24 Sep,,Fri,Vibhaṅgapāḷi,11. Maggaṅgavibhaṅgo,496–507,12,4,480–483,,Analysis of the Path Factors,,,,,,,,,,
135,25 Sep,"Days 135-140
The Analysis - Absorptions (Jhanas)


",Sat,Vibhaṅgapāḷi,12. Jhānavibhaṅgo,508–523,16,5,484–488,17,Analysis of the Jhānas,,,,,,,,,,
136,26 Sep,,Sun,Vibhaṅgapāḷi,12. Jhānavibhaṅgo,524–556,33,5,489–493,,Analysis of the Jhānas,,,,,,,,,,
137,27 Sep,,Mon,Vibhaṅgapāḷi,12. Jhānavibhaṅgo,557–587,31,4,494–497,,Analysis of the Jhānas,,,,,,,,,,
138,28 Sep,,Tue,Vibhaṅgapāḷi,12. Jhānavibhaṅgo,588–622,35,4,498–501,,Analysis of the Jhānas,,,,,,,,,,
139,29 Sep,,Wed,Vibhaṅgapāḷi,12. Jhānavibhaṅgo,623–631,9,4,502–505,,Analysis of the Jhānas,,,,,,,,,,
140,30 Sep,,Thu,Vibhaṅgapāḷi,12. Jhānavibhaṅgo,632–641,10,4,506–509,,Analysis of the Jhānas,,,,,,,,,,
141,1 Oct,"Days 141-143
The Analysis - the Illimitables (Brahmaviharas)",Fri,Vibhaṅgapāḷi,13. Appamaññāvibhaṅgo,642–678,37,5,510–514,18,Analysis of the Illimitables,,,,,,,,,,
142,2 Oct,,Sat,Vibhaṅgapāḷi,13. Appamaññāvibhaṅgo,679–692,14,4,515–518,,Analysis of the Illimitables,,,,,,,,,,
143,3 Oct,,Sun,Vibhaṅgapāḷi,13. Appamaññāvibhaṅgo,693–702,10,4,519–522,,Analysis of the Illimitables,,,,,,,,,,
144,4 Oct,"Days 144-145
The Analysis - Training Rules (Precepts)",Mon,Vibhaṅgapāḷi,14. Sikkhāpadavibhaṅgo,703–709,7,4,523–526,19,Analysis of the Training Precepts,,,,,,,,,,
145,5 Oct,,Tue,Vibhaṅgapāḷi,14. Sikkhāpadavibhaṅgo,710–717,8,3,527–529,,Analysis of the Training Precepts,,,,,,,,,,
146,6 Oct,"Days 146-148
The Analysis - Analytical Knowledges (Discriminations)",Wed,Vibhaṅgapāḷi,15. Paṭisambhidāvibhaṅgo,718–731,14,4,530–533,20,Analysis of the Discriminations,,,,,,,,,,
147,7 Oct,,Thu,Vibhaṅgapāḷi,15. Paṭisambhidāvibhaṅgo,732–741,10,4,534–537,,Analysis of the Discriminations,,,,,,,,,,
148,8 Oct,,Fri,Vibhaṅgapāḷi,15. Paṭisambhidāvibhaṅgo,742–750,9,4,538–541,,Analysis of the Discriminations,,,,,,,,,,
149,9 Oct,"Days 149-157
The Analysis - Kinds of Knowledge",Sat,Vibhaṅgapāḷi,16. Ñāṇavibhaṅgo,751–753,3,5,542–546,21,Analysis of Knowledge,,,,,,,,,,
150,10 Oct,,Sun,Vibhaṅgapāḷi,16. Ñāṇavibhaṅgo,754,1,5,547–551,,Analysis of Knowledge,,,,,,,,,,
151,11 Oct,,Mon,Vibhaṅgapāḷi,16. Ñāṇavibhaṅgo,755–765,10,5,552–556,,Analysis of Knowledge,,,,,,,,,,
152,12 Oct,,Tue,Vibhaṅgapāḷi,16. Ñāṇavibhaṅgo,766–767,2,4,557–560,,Analysis of Knowledge,,,,,,,,,,
153,13 Oct,,Wed,Vibhaṅgapāḷi,16. Ñāṇavibhaṅgo,768–787,20,4,561–564,,Analysis of Knowledge,,,,,,,,,,
154,14 Oct,,Thu,Vibhaṅgapāḷi,16. Ñāṇavibhaṅgo,788–800,13,4,565–568,,Analysis of Knowledge,,,,,,,,,,
155,15 Oct,,Fri,Vibhaṅgapāḷi,16. Ñāṇavibhaṅgo,801–809,9,4,569–572,,Analysis of Knowledge,,,,,,,,,,
156,16 Oct,,Sat,Vibhaṅgapāḷi,16. Ñāṇavibhaṅgo,810–815,6,4,573–576,,Analysis of Knowledge,,,,,,,,,,
157,17 Oct,,Sun,Vibhaṅgapāḷi,16. Ñāṇavibhaṅgo,816–830,15,4,577–580,,Analysis of Knowledge,,,,,,,,,,
158,18 Oct,"Days 158-170
The Analysis - Minor Points/Defilements",Mon,Vibhaṅgapāḷi,17. Khuddakavatthuvibhaṅgo,832–849,18,5,581–585,22,Analysis of Minor Subjects,,,,,,,,,,
159,19 Oct,,Tue,Vibhaṅgapāḷi,17. Khuddakavatthuvibhaṅgo,850–876,27,5,586–590,,Analysis of Minor Subjects,,,,,,,,,,
160,20 Oct,,Wed,Vibhaṅgapāḷi,17. Khuddakavatthuvibhaṅgo,877–899,23,5,591–595,,Analysis of Minor Subjects,,,,,,,,,,
161,21 Oct,,Thu,Vibhaṅgapāḷi,17. Khuddakavatthuvibhaṅgo,900–913,14,5,596–600,,Analysis of Minor Subjects,,,,,,,,,,
162,22 Oct,,Fri,Vibhaṅgapāḷi,17. Khuddakavatthuvibhaṅgo,914–924,11,5,601–605,,Analysis of Minor Subjects,,,,,,,,,,
163,23 Oct,,Sat,Vibhaṅgapāḷi,17. Khuddakavatthuvibhaṅgo,925–932,8,4,606–609,,Analysis of Minor Subjects,,,,,,,,,,
164,24 Oct,,Sun,Vibhaṅgapāḷi,17. Khuddakavatthuvibhaṅgo,933–938,6,4,610–613,,Analysis of Minor Subjects,,,,,,,,,,
165,25 Oct,,Mon,Vibhaṅgapāḷi,17. Khuddakavatthuvibhaṅgo,939–942,4,4,614–617,,Analysis of Minor Subjects,,,,,,,,,,
166,26 Oct,,Tue,Vibhaṅgapāḷi,17. Khuddakavatthuvibhaṅgo,943–947,5,4,618–621,,Analysis of Minor Subjects,,,,,,,,,,
167,27 Oct,,Wed,Vibhaṅgapāḷi,17. Khuddakavatthuvibhaṅgo,948–953,6,4,622–625,,Analysis of Minor Subjects,,,,,,,,,,
168,28 Oct,,Thu,Vibhaṅgapāḷi,17. Khuddakavatthuvibhaṅgo,954–965,12,4,626–629,,Analysis of Minor Subjects,,,,,,,,,,
169,29 Oct,,Fri,Vibhaṅgapāḷi,17. Khuddakavatthuvibhaṅgo,966–974,9,4,630–633,,Analysis of Minor Subjects,,,,,,,,,,
170,30 Oct,,Sat,Vibhaṅgapāḷi,17. Khuddakavatthuvibhaṅgo,975–977,3,4,634–637,,Analysis of Minor Subjects,,,,,,,,,,
171,31 Oct,"Days 171-178
The Analysis - The Heart of the Dhamma (Summary)",Sun,Vibhaṅgapāḷi,18. Dhammahadayavibhaṅgo,978–994,17,5,638–642,23,Analysis of the Heart of the Doctrine,,,,,,,,,,
172,1 Nov,,Mon,Vibhaṅgapāḷi,18. Dhammahadayavibhaṅgo,995–1005,11,5,643–647,,Analysis of the Heart of the Doctrine,,,,,,,,,,
173,2 Nov,,Tue,Vibhaṅgapāḷi,18. Dhammahadayavibhaṅgo,1006–1012,7,5,648–652,,Analysis of the Heart of the Doctrine,,,,,,,,,,
174,3 Nov,,Wed,Vibhaṅgapāḷi,18. Dhammahadayavibhaṅgo,1013–1019,7,4,653–656,,Analysis of the Heart of the Doctrine,,,,,,,,,,
175,4 Nov,,Thu,Vibhaṅgapāḷi,18. Dhammahadayavibhaṅgo,1020–1027,8,4,657–660,,Analysis of the Heart of the Doctrine,,,,,,,,,,
176,5 Nov,,Fri,Vibhaṅgapāḷi,18. Dhammahadayavibhaṅgo,1028–1035,8,4,661–664,,Analysis of the Heart of the Doctrine,,,,,,,,,,
177,6 Nov,,Sat,Vibhaṅgapāḷi,18. Dhammahadayavibhaṅgo,1036–1040,5,4,665–668,,Analysis of the Heart of the Doctrine,,,,,,,,,,
178,7 Nov,,Sun,Vibhaṅgapāḷi,18. Dhammahadayavibhaṅgo,1041–1044,4,4,669–672,,Analysis of the Heart of the Doctrine,,,,,,,,,,
179,8 Nov,"Days 179-184
Exposition: Included / Not-Included",Mon,Dhātukathāpāḷi,Mātikā (Nayamātikā – Bāhiramātikā),1–5,5,1,673,24,Methodology Matrices,,,,,,,,,,
180,9 Nov,,Tue,Dhātukathāpāḷi,1. Saṅgahāsaṅgahapadaniddeso,6–32,27,4,674–677,,Exposition: Included / Not-Included,,,,,,,,,,
181,10 Nov,,Wed,Dhātukathāpāḷi,1. Saṅgahāsaṅgahapadaniddeso,33–61,29,4,678–681,,Exposition: Included / Not-Included,,,,,,,,,,
182,11 Nov,,Thu,Dhātukathāpāḷi,1. Saṅgahāsaṅgahapadaniddeso,62–97,36,4,682–685,,Exposition: Included / Not-Included,,,,,,,,,,
183,12 Nov,,Fri,Dhātukathāpāḷi,1. Saṅgahāsaṅgahapadaniddeso,98–132,35,4,686–689,,Exposition: Included / Not-Included,,,,,,,,,,
184,13 Nov,,Sat,Dhātukathāpāḷi,1. Saṅgahāsaṅgahapadaniddeso,133–167,35,4,690–693,,Exposition: Included / Not-Included,,,,,,,,,,
185,14 Nov,"Days 185-194
Exposition: With Included, Not-Included",Sun,Dhātukathāpāḷi,2. Saṅgahitenaasaṅgahitapadaniddeso,171–173,3,1,694,25,"Exposition: With Included, Not-Included",,,,,,,,,,
186,15 Nov,,Mon,Dhātukathāpāḷi,3. Asaṅgahitenasaṅgahitapadaniddeso,179–190,12,3,695–697,,"Exposition: With Not-Included, Included",,,,,,,,,,
187,16 Nov,,Tue,Dhātukathāpāḷi,4. Saṅgahitenasaṅgahitapadaniddeso,191–192,2,1,698,,"Exposition: With Included, Included",,,,,,,,,,
188,17 Nov,,Wed,Dhātukathāpāḷi,5. Asaṅgahitenaasaṅgahitapadaniddeso,193–216,24,5,699–703,,"Exposition: With Not-Included, Not-Included",,,,,,,,,,
189,18 Nov,,Thu,Dhātukathāpāḷi,5. Asaṅgahitenaasaṅgahitapadaniddeso,217–244,28,5,704–708,,"Exposition: With Not-Included, Not-Included",,,,,,,,,,
190,19 Nov,,Fri,Dhātukathāpāḷi,5. Asaṅgahitenaasaṅgahitapadaniddeso,245–284,40,5,709–713,,"Exposition: With Not-Included, Not-Included",,,,,,,,,,
191,20 Nov,,Sat,Dhātukathāpāḷi,5. Asaṅgahitenaasaṅgahitapadaniddeso,285–318,34,5,714–718,,"Exposition: With Not-Included, Not-Included",,,,,,,,,,
192,21 Nov,,Sun,Dhātukathāpāḷi,5. Asaṅgahitenaasaṅgahitapadaniddeso,319–352,34,5,719–723,,"Exposition: With Not-Included, Not-Included",,,,,,,,,,
193,22 Nov,,Mon,Dhātukathāpāḷi,5. Asaṅgahitenaasaṅgahitapadaniddeso,353–378,26,4,724–727,,"Exposition: With Not-Included, Not-Included",,,,,,,,,,
194,23 Nov,,Tue,Dhātukathāpāḷi,5. Asaṅgahitenaasaṅgahitapadaniddeso,379–405,27,4,728–731,,"Exposition: With Not-Included, Not-Included",,,,,,,,,,
195,24 Nov,"Days 195-198
Exposition: Included with Associated/Dissociated

",Wed,Dhātukathāpāḷi,11. Saṅgahitenasampayuttavippayuttapadaniddeso,409–416,8,3,732–734,26,Exposition: Included with Associated/Dissociated,,,,,,,,,,
196,25 Nov,,Thu,Dhātukathāpāḷi,12. Sampayuttenasaṅgahitāsaṅgahitapadaniddeso,417–446,30,4,735–738,,Exposition: Associated with Included/Not-Included,,,,,,,,,,
197,26 Nov,,Fri,Dhātukathāpāḷi,13. Asaṅgahitenasampayuttavippayuttapadaniddeso,448–455,8,3,739–741,,Exposition: Not-Included with Associated/Dissociated,,,,,,,,,,
198,27 Nov,,Sat,Dhātukathāpāḷi,14. Vippayuttenasaṅgahitāsaṅgahitapadaniddeso,456–469,14,3,742–744,,Exposition: Dissociated with Included/Not-Included,,,,,,,,,,
199,28 Nov,"Days 199-200
Heptad of Contact etc.",Sun,Dhātukathāpāḷi,Phassādisattakaṃ,472–500,29,5,745–749,27,Heptad of Contact etc.,,,,,,,,,,
200,29 Nov,,Mon,Dhātukathāpāḷi,Phassādisattakaṃ,501–518,18,5,750–754,,Heptad of Contact etc.,,,,,,,,,,