source_lemma,target_rendering,frequency_blocks,frequency_tokens,lemma_total_blocks,distinct_renderings_for_lemma,sample_block_ids
",",nutriment_of_consciousness.,1,,3,3,1-70
",",skandha_of_synergies,1,,3,3,1-119
",","skandha_of_synergies,",1,,3,3,1-123
?,Which,1,1,1,1,1-63
abhiniropanā,right_disposing,4,4,4,1,1-21; 1-7; 1-84; 1-91
abhippasādo,sense_of_assurance,4,4,4,1,1-12; 1-25; 1-75; 1-96
abyākatā,indeterminate,1,1,1,1,1-0a-1
abyāpajjo,spleen,3,3,3,1,1-105; 1-33; 1-36
abyāpādo,absence_of_malice,5,,6,2,1-105; 1-114; 1-33; 1-36; 1-62
abyāpādo,"is,",1,,6,2,1-1
acetasikā,are_not_such,1,1,1,1,1-0b-57
adandhanatā,absence_of_sluggishness,2,2,2,1,1-42; 1-43
adhivacanapathā,processes_of_such,1,1,1,1,1-0b-106
adhivacanā,equivalent_terms,1,1,1,1,1-0b-106
adoso,absence_of_hate,5,,6,2,1-105; 1-114; 1-33; 1-36; 1-62
adoso,"is,",1,,6,2,1-1
"adoso,","absence_of_hate,",2,2,2,1,1-103; 1-131
adukkhamasukhāya,neutral,1,1,1,1,1-0a-2
adussanā,hating,3,3,3,1,1-105; 1-33; 1-36
adussitattaṃ,hatred,3,3,3,1,1-105; 1-33; 1-36
aganthaniyā,are_not_so,1,1,1,1,1-0b-27
aguttadvāratā,immoderation_in_diet,1,1,1,1,1-0b-127
ahetukā,not_so_concomitant,1,1,1,1,1-0b-2
ahetukāpi,not_so_concomitant,1,1,1,1,1-0b-6
ahirikañca,Unconscientiousness_and,1,1,1,1,1-0b-115
ajimhatā,without_deflection,2,2,2,1,1-50; 1-51
ajjavo,Upright_and,1,1,1,1,1-0b-124
ajjhattabahiddhā,belonging_or_external_to_one's_self,1,1,1,1,1-0a-20
ajjhattabahiddhārammaṇā,an_object_that_is_both,1,1,1,1,1-0a-21
ajjhattikā,one's_own,1,1,1,1,1-0b-66
ajjhattā,belong_to_one's_self,1,1,1,1,1-0a-20
ajjhattārammaṇā,have_for_an_object_one's_self,1,1,1,1,1-0a-21
akakkhaḷatā,smoothness,2,2,2,1,1-44; 1-45
akathinatā,absence_of_rigidity,2,2,2,1,1-44; 1-45
akusalā,bad,1,1,1,1,1-0a-1
akuṭilatā,or_crookedness,2,2,2,1,1-50; 1-51
alobho,disinterestedness,4,,6,5,1-104; 1-114; 1-32; 1-62
alobho,absence_of_greed,3,,6,5,1-104; 1-32; 1-35
alobho,root_of_good,3,,6,5,1-104; 1-32; 1-35
alobho,is.,2,,6,5,1-104; 1-32
alobho,"is,",1,,6,5,1-1
"Alobho,","Disinterestedness,",2,2,2,1,1-103; 1-131
alubbhanā,being_greedy,3,3,3,1,1-104; 1-32; 1-35
alubbhitattaṃ,greediness,3,3,3,1,1-104; 1-32; 1-35
amoho,right_views,7,,15,6,1-16; 1-29; 1-34; 1-37; 1-53
amoho,absence_of_dullness,5,,15,6,1-106; 1-114; 1-131; 1-34; 1-62
amoho,searching_the_Truth,2,,15,6,1-100; 1-79
amoho,best_views,1,,15,6,1-20
amoho,"is,",1,,15,6,1-1
amoho,occasion,1,,15,6,1-106
amoho.,absence_of_dullness.,1,1,1,1,1-103
anabhijjhā,absence_of_covetousness,3,,6,4,1-114; 1-35; 1-62
anabhijjhā,absence_of_greed,3,,6,4,1-104; 1-32; 1-35
anabhijjhā,"is,",1,,6,4,1-1
anabhijjhā,is.,1,,6,4,1-35
anidassanaappaṭighā,neither,1,1,1,1,1-0a-22
anidassanasappaṭighā,invisible_and_reacting,1,1,1,1,1-0a-22
anidassanā,invisible,1,1,1,1,1-0b-9
anikkhittachandatā,state_of_sustained_desire,7,7,7,1,1-13; 1-22; 1-26; 1-56; 1-76
anikkhittadhuratā,state_of_unflinching_endurance,7,7,7,1,1-13; 1-22; 1-26; 1-56; 1-76
aniyatā,are_not_fixed,1,,2,2,1-0b-98
aniyatā,do_not_entail_fixed_consequences,1,,2,2,1-0a-15
aniyyānikā,do_not_lead_onward,1,1,1,1,1-0b-97
anoghaniyā,are_not_so,1,1,1,1,1-0b-33
anoghaniyāpi,or,1,1,1,1,1-0b-37
anottappañca,indiscretion,1,1,1,1,1-0b-115
antavā,Theory_of_finiteness_and,1,1,1,1,1-0b-113
anupekkhanatā,this,2,2,2,1,1-8; 1-85
anuppannā,have_not_arisen,1,1,1,1,1-0a-17
anupādiṇṇaanupādāniyā,neither,1,1,1,1,1-0a-4
anupādiṇṇupādāniyā,not_grasped_at_but_are_favourable_to_grasping,1,1,1,1,1-0a-4
anupādiṇṇā,are_not_grasped_at,1,1,1,1,1-0b-68
anupādāniyā,not_favourable,1,1,1,1,1-0b-70
anupādāniyāpi,or,1,1,1,1,1-0b-74
anussati,recollecting,7,7,7,1,1-14; 1-23; 1-27; 1-52; 1-77
anuttarā,have_no_beyond,1,1,1,1,1-0b-99
anuvicāro,progress,2,2,2,1,1-8; 1-85
anāgatā,future,1,1,1,1,1-0a-18
anāgatārammaṇā,the_future_as_their_object,1,1,1,1,1-0a-19
anārammaṇā,have_not_such,1,1,1,1,1-0b-55
anāsavā,have_not_āsavas,1,1,1,1,1-0b-15
anāsavāpi,not_having_āsavas,1,1,1,1,1-0b-19
anīvaraṇiyā,are_not_so,1,1,1,1,1-0b-45
anīvaraṇiyāpi,or,1,1,1,1,1-0b-49
apacayagāmino,going_to_pulling_down,1,1,1,1,1-0a-10
apariyāpannā,unincluded,1,1,1,1,1-0b-96
aparāmaṭṭhā,unperverted,1,1,1,1,1-0b-51
aparāmaṭṭhāpi,or,1,1,1,1,1-0b-54
apilāpanatā,opposite_of_superficiality,7,7,7,1,1-14; 1-23; 1-27; 1-52; 1-77
appaccayā,not_causally_related,1,1,1,1,1-0b-7
appamāṇā,infinite,1,1,1,1,1-0a-12
appamāṇārammaṇā,neither,1,1,1,1,1-0a-13
appanā,fixing,4,4,4,1,1-21; 1-7; 1-84; 1-91
appaṭighā,not_reactions,1,1,1,1,1-0b-10
appītikā,not_concomitant_with_zest,1,1,1,1,1-0b-89
araṇā,are_harmless,1,1,1,1,1-0b-100
arūpino,incorporeal,4,,7,4,1-114; 1-120; 1-121; 1-62
arūpino,are_immaterial,1,,7,4,1-0b-11
arūpino,causally_induced,1,,7,4,1-58
arūpino,States,1,,7,4,1-1
arūpāvacarā,of_the_formless_universe,1,1,1,1,1-0b-95
arūpīnaṃ,incorporeal,2,2,2,1,1-19; 1-82
asammussanatā,and_of_obliviousness,7,7,7,1,1-14; 1-23; 1-27; 1-52; 1-77
asampajaññañca,unintelligence,1,1,1,1,1-0b-129
asantuṭṭhitā,Discontent_as_to,1,1,1,1,1-0b-140
asaṃkilesikā,are_not_vicious,1,1,1,1,1-0b-76
asaṃkilesikāpi,or,1,1,1,1,1-0b-82
asaṃkiliṭṭhaasaṃkilesikā,neither,1,1,1,1,1-0a-5
asaṃkiliṭṭhasaṃkilesikā,not_vitiated_but_are_vicious,1,1,1,1,1-0a-5
asaṃkiliṭṭhā,are_not_vitiated,1,1,1,1,1-0b-77
asaṃyojaniyā,are_not_so,1,1,1,1,1-0b-21
asaṃyojaniyāpi,or,1,1,1,1,1-0b-25
asaṅkhatā,unconditioned,1,1,1,1,1-0b-8
asekkhā,of_the_adept,1,1,1,1,1-0a-11
asithilaparakkamatā,state_of_unfaltering_effort,7,7,7,1,1-13; 1-22; 1-26; 1-56; 1-76
asārajjanā,feeling_and_being_infatuated,3,3,3,1,1-104; 1-32; 1-35
asārajjitattaṃ,absence_of_covetousness,3,3,3,1,1-104; 1-32; 1-35
asārāgo,absence_of_infatuation,3,3,3,1,1-104; 1-32; 1-35
atapanīyā,that_do_not,1,1,1,1,1-0b-105
attamanatā,transport_of_mind,2,2,2,1,1-86; 1-9
atthi,are,4,,7,4,1-114; 1-120; 1-121; 1-62
atthi,causally_induced,1,,7,4,1-1
atthi,incorporeal,1,,7,4,1-57
atthi,others_also,1,,7,4,1-58
atītā,past,1,1,1,1,1-0a-18
atītārammaṇā,have_the_past_as_their_object,1,1,1,1,1-0a-19
avaṅkatā,twist,2,2,2,1,1-50; 1-51
avaṭṭhiti,absence_of_distraction,10,10,10,1,1-11; 1-15; 1-24; 1-28; 1-54
avicārā,not_having_sustained_thinking,1,1,1,1,1-0b-88
avijjā,Ignorance_and,1,1,1,1,1-0b-110
avijjābhāgino,do_not_partake_of_wisdom,1,1,1,1,1-0b-101
avikkhepo,unperturbed_mental_procedure,10,,11,4,1-11; 1-15; 1-24; 1-28; 1-54
avikkhepo,balance,1,,11,4,1-57
avikkhepo,is;,1,,11,4,1-1
avikkhepo,those,1,,11,4,1-57
avikkhepo;,balance;,2,2,2,1,1-114; 1-62
avisāhaṭamānasatā,quiet,10,10,10,1,1-11; 1-15; 1-24; 1-28; 1-54
avisāhāro,balance,10,10,10,1,1-11; 1-15; 1-24; 1-28; 1-54
avitakkaavicārā,neither,1,1,1,1,1-0a-6
avitakkavicāramattā,sustained_thinking_only,1,1,1,1,1-0a-6
avitakkā,not_having_applied_thinking,1,1,1,1,1-0b-87
avitthanatā,and_inertia,2,2,2,1,1-42; 1-43
ayaṃ,this,32,,67,4,1-105; 1-107; 1-109; 1-113; 1-114
ayaṃ,occasion,18,,67,4,1-108; 1-11; 1-112; 1-20; 1-24
ayaṃ,at_that,16,,67,4,1-104; 1-115; 1-118; 1-21; 1-22
ayaṃ,conscientiousness,1,,67,4,1-38
ayoganiyā,are_not_so,1,1,1,1,1-0b-39
ayoganiyāpi,or,1,1,1,1,1-0b-43
aññepi,others_also,4,,7,4,1-114; 1-120; 1-121; 1-62
aññepi,are,1,,7,4,1-1
aññepi,causally_induced,1,,7,4,1-57
aññepi,occasion,1,,7,4,1-58
aṭṭhindriyāni,eight,2,2,2,1,1-58; 1-74
bahiddhā,are_external_to_one's_self,1,1,1,1,1-0a-20
bahiddhārammaṇā,an_object_external_to_one's_self,1,1,1,1,1-0a-21
balāni,powers,3,,4,2,1-121; 1-130; 1-95
balāni,seven,1,,4,2,1-58
bhavadiṭṭhi,Theory_of_rebirth_and,1,1,1,1,1-0b-111
bhāvanābalañca,developing_power,1,1,1,1,1-0b-131
bhāvanāya,by_culture,4,,4,2,1-0a-8; 1-0a-9; 1-0b-84; 1-0b-86
bhāvanāya,(culture),2,,4,2,1-0a-8; 1-0a-9
bhūrī,sagacity,10,10,10,1,1-100; 1-16; 1-20; 1-29; 1-34
byappanā,focussing,4,4,4,1,1-21; 1-7; 1-84; 1-91
bāhirā,are_external,1,1,1,1,1-0b-66
bālā,foolish,1,1,1,1,1-0b-103
ca,(States),16,,43,25,1-0b-23; 1-0b-24; 1-0b-29; 1-0b-30; 1-0b-35
ca,and,4,,43,25,1-0b-17; 1-0b-18; 1-0b-4; 1-0b-5
ca,balance,1,,43,25,1-0b-134
ca,craving_for_rebirth,1,,43,25,1-0b-110
ca,discretion,1,,43,25,1-0b-116
ca,freedom,1,,43,25,1-0b-141
ca,friendship_with_evil,1,,43,25,1-0b-117
ca,friendship_with_good,1,,43,25,1-0b-118
ca,good_states,1,,43,25,1-0b-140
ca,in_attention,1,,43,25,1-0b-121
ca,in_negating_causal_relation,1,,43,25,1-0b-123
ca,in_recovery_from_the_attainments,1,,43,25,1-0b-120
ca,in_restoration_from_the_offences,1,,43,25,1-0b-119
ca,in_the_causal_law,1,,43,25,1-0b-122
ca,intelligence,1,,43,25,1-0b-130
ca,intuition,1,,43,25,1-0b-132
ca,last_things,1,,43,25,1-0b-114
ca,loveableness,1,,43,25,1-0b-125
ca,of_theory,1,,43,25,1-0b-137
ca,on_occasions_calling_for_agitation,1,,43,25,1-0b-139
ca,soft,1,,43,25,1-0b-124
ca,theoretic_achievement,1,,43,25,1-0b-136
ca,theoretic_fallacy,1,,43,25,1-0b-135
ca,theory_of_annihilation,1,,43,25,1-0b-112
ca,theory_of_dissolution,1,,43,25,1-0b-111
cattāro,four,2,2,2,1,1-58; 1-59
cetanā,volition,7,,9,5,1-110; 1-114; 1-121; 1-135; 1-5
cetanā,one,2,,9,5,1-110; 1-58
cetanā,at_that,1,,9,5,1-135
cetanā,born_of_contact_with_the_appropriate_element_of_representative_intellection,1,,9,5,1-110
cetanā,"is,",1,,9,5,1-1
cetasikaṃ,mental_pleasure,8,,8,3,1-10; 1-108; 1-112; 1-18; 1-3
cetasikaṃ,born_of_contact_with_thought,4,,8,3,1-108; 1-112; 1-3; 1-60
cetasikaṃ,pleasant_easeful_experience_born_of_contact_with_thought,4,,8,3,1-10; 1-18; 1-81; 1-87
cetasiko,mental,7,7,7,1,1-13; 1-22; 1-26; 1-56; 1-76
cetasikā,mental_properties,1,1,1,1,1-0b-57
cetaso,superposing_of_the_mind,4,4,4,1,1-21; 1-7; 1-84; 1-91
cetayitattaṃ,purpose,1,,3,3,1-110
cetayitattaṃ,purposefulness,1,,3,3,1-5
cetayitattaṃ,purposiveness,1,,3,3,1-72
cetosamphassajaṃ,easeful,4,4,4,1,1-108; 1-112; 1-3; 1-60
cetosamphassajā,easeful,4,,8,2,1-108; 1-112; 1-3; 1-60
cetosamphassajā,this,4,,8,2,1-10; 1-18; 1-81; 1-87
ceva,(States),16,,20,3,1-0b-23; 1-0b-24; 1-0b-29; 1-0b-30; 1-0b-35
ceva,but,16,,20,3,1-0b-23; 1-0b-24; 1-0b-29; 1-0b-30; 1-0b-35
ceva,both,4,,20,3,1-0b-17; 1-0b-18; 1-0b-4; 1-0b-5
cintā,analysis,10,10,10,1,1-100; 1-16; 1-20; 1-29; 1-34
cittakammaññatā,facility_of_mind,2,,4,3,1-114; 1-62
cittakammaññatā,"is,",1,,4,3,1-1
cittakammaññatā,wieldiness_of_mind,1,,4,3,1-47
cittalahutā,lightness_of_mind,2,,4,3,1-114; 1-62
cittalahutā,buoyancy_of_mind,1,,4,3,1-43
cittalahutā,"is,",1,,4,3,1-1
cittamudutā,plasticity_of_mind,2,,4,3,1-114; 1-62
cittamudutā,"is,",1,,4,3,1-1
cittamudutā,pliancy_of_mind,1,,4,3,1-45
cittapassaddhi,serenity_of_mind,3,,4,2,1-114; 1-41; 1-62
cittapassaddhi,"is,",1,,4,2,1-1
cittapāguññatā,fitness_of_mind,3,,4,2,1-114; 1-49; 1-62
cittapāguññatā,"is,",1,,4,2,1-1
cittasahabhuno,(States),1,,1,2,1-0b-61
cittasahabhuno,come_into_being_together_with_thought,1,,1,2,1-0b-61
cittasampayuttā,associated_with_thought,1,1,1,1,1-0b-58
cittasamuṭṭhānā,(States),1,,1,2,1-0b-60
cittasamuṭṭhānā,sprung_from_thought,1,,1,2,1-0b-60
cittasaṃsaṭṭhasamuṭṭhānasahabhuno,(States),1,,1,2,1-0b-64
cittasaṃsaṭṭhasamuṭṭhānasahabhuno,conjoined_with_sprung_from_come_into_being_together_with_thought,1,,1,2,1-0b-64
cittasaṃsaṭṭhasamuṭṭhānā,(States),1,,1,2,1-0b-63
cittasaṃsaṭṭhasamuṭṭhānā,conjoined_with_and_sprung_from_thought,1,,1,2,1-0b-63
cittasaṃsaṭṭhasamuṭṭhānānuparivattino,(States),1,,1,2,1-0b-65
cittasaṃsaṭṭhasamuṭṭhānānuparivattino,conjoined_with_sprung_from_consecutive_to_thought,1,,1,2,1-0b-65
cittasaṃsaṭṭhā,conjoined_with_thought,1,1,1,1,1-0b-59
cittassa,stability,10,,12,2,1-11; 1-15; 1-24; 1-28; 1-54
cittassa,adjusting_and_focussing_of_thought,2,,12,2,1-8; 1-85
cittassekaggatā,self-collectedness,5,,6,2,1-11; 1-114; 1-128; 1-62; 1-88
cittassekaggatā,"is,",1,,6,2,1-1
cittassekaggatā.,self-collectedness.,1,1,1,1,1-83
cittavippayuttā,dissociated_from_thought,1,1,1,1,1-0b-58
cittavisaṃsaṭṭhā,detached_from_thought,1,1,1,1,1-0b-59
cittaṃ,thought,14,,16,6,1-1; 1-111; 1-115; 1-116; 1-117
cittaṃ,is.,2,,16,6,1-111; 1-6
cittaṃ,at_that,1,,16,6,1-136
cittaṃ,ideation,1,,16,6,1-63
cittaṃ,"is,",1,,16,6,1-1
cittaṃ,one,1,,16,6,1-58
cittujukatā,directness_of_mind,2,,4,3,1-114; 1-62
cittujukatā,"is,",1,,4,3,1-1
cittujukatā,rectitude_of_mind,1,,4,3,1-51
cittā,(States),1,,1,2,1-0b-56
cittā,thought,1,,1,2,1-0b-56
cittānuparivattino,(States),1,,1,2,1-0b-62
cittānuparivattino,consecutive_to_thought,1,,1,2,1-0b-62
cāro,process,2,2,2,1,1-8; 1-85
dassanena,by_vision,4,,4,2,1-0a-8; 1-0a-9; 1-0b-83; 1-0b-85
dassanena,(vision),2,,4,2,1-0a-8; 1-0a-9
dhamma,quality,1,1,1,1,1-0a-3
dhammadhātu,element_of_mental_states,4,,5,2,1-120; 1-121; 1-125; 1-69
dhammadhātu,one,1,,5,2,1-58
dhammadhātu.,element_of_mental_states.,1,1,1,1,1-67
dhammavicayo,discernment,10,,11,3,1-100; 1-16; 1-20; 1-29; 1-34
dhammavicayo,absence_of_dullness,2,,11,3,1-106; 1-34
dhammavicayo,right_views,2,,11,3,1-100; 1-79
dhammā,States,120,,138,23,1-0a-1; 1-0a-10; 1-0a-11; 1-0a-12; 1-0a-13
dhammā,(States),77,,138,23,1-0a-1; 1-0a-10; 1-0a-11; 1-0a-12; 1-0a-13
dhammā,not_the_former,14,,138,23,1-0b-23; 1-0b-24; 1-0b-29; 1-0b-30; 1-0b-35
dhammā,are_not_vices,2,,138,23,1-0b-79; 1-0b-80
dhammā,these,2,,138,23,1-57; 1-58
dhammā,and_associated_with_bonds,1,,138,23,1-0b-42
dhammā,and_associated_with_fetters,1,,138,23,1-0b-24
dhammā,and_associated_with_floods,1,,138,23,1-0b-36
dhammā,and_associated_with_grasping,1,,138,23,1-0b-73
dhammā,and_associated_with_hindrances,1,,138,23,1-0b-48
dhammā,and_associated_with_ties,1,,138,23,1-0b-30
dhammā,and_associated_with_vice,1,,138,23,1-0b-81
dhammā,and_favourable_to_bonds,1,,138,23,1-0b-41
dhammā,and_favourable_to_fetters,1,,138,23,1-0b-23
dhammā,and_favourable_to_floods,1,,138,23,1-0b-35
dhammā,and_favourable_to_grasping,1,,138,23,1-0b-72
dhammā,and_favourable_to_hindrances,1,,138,23,1-0b-47
dhammā,and_favourable_to_ties,1,,138,23,1-0b-29
dhammā,and_perverted,1,,138,23,1-0b-53
dhammā,and_vicious,1,,138,23,1-0b-79
dhammā,and_vitiated,1,,138,23,1-0b-80
dhammā,good.,1,,138,23,1-1
dhammā,incorporeal,1,,138,23,1-58
dhammānaṃ,this,6,,8,2,1-101; 1-102; 1-30; 1-31; 1-38
dhammānaṃ,States,2,,8,2,1-19; 1-82
dhammārammaṇaṃ,mental_state_object,1,1,1,1,1-1
dhammāyatanaṃ,sphere_of_mental_states,4,,5,3,1-119; 1-121; 1-124; 1-66
dhammāyatanaṃ,is.,1,,5,3,1-119
dhammāyatanaṃ,one,1,,5,3,1-58
dhammāyatanaṃ.,sphere_of_mental_states.,1,1,1,1,1-64
dhiti,fortitude,7,7,7,1,1-13; 1-22; 1-26; 1-56; 1-76
dhurasampaggāho,solid_grip_of_the_burden,7,7,7,1,1-13; 1-22; 1-26; 1-56; 1-76
dhāraṇatā,bearing_in_mind,7,7,7,1,1-14; 1-23; 1-27; 1-52; 1-77
dhātukusalatā,Skill_in_the_elements_and,1,1,1,1,1-0b-121
dhātuyo,elements,4,5,4,1,1-121; 1-125; 1-58; 1-67
diṭṭhi,theory_of_infiniteness,1,1,1,1,1-0b-113
diṭṭhivisuddhi,Purity_in_views,1,1,1,1,1-0b-138
dovacassatā,Contumacy_and,1,1,1,1,1-0b-117
dukkhāya,painful,1,1,1,1,1-0a-2
dve,two,2,2,2,1,1-58; 1-67
dvāyatanāni,two_spheres,2,2,2,1,1-58; 1-64
ekaṃ,one,4,,5,6,1-111; 1-116; 1-117; 1-119
ekaṃ,faculty_of_mind,1,,5,6,1-117
ekaṃ,"is,",1,,5,6,1-58
ekaṃ,sphere_of_mental_states,1,,5,6,1-119
ekaṃ,sphere_of_mind,1,,5,6,1-116
ekaṃ,thought,1,,5,6,1-111
eko,one,5,,6,5,1-107; 1-112; 1-113; 1-114; 1-115
eko,are;,1,,6,5,1-58
eko,"is,",1,,6,5,1-58
eko,is.,1,,6,5,1-112
eko,skandha_of_consciousness,1,,6,5,1-115
ekā,one,5,,6,5,1-108; 1-109; 1-110; 1-118; 1-120
ekā,element_of_intellection,1,,6,5,1-118
ekā,"is,",1,,6,5,1-58
ekā,is.,1,,6,5,1-108
ekā,occasion,1,,6,5,1-110
gandhārammaṇaṃ,smell_object,1,1,1,1,1-1
ganthaniyā,favourable_to_ties,1,,2,2,1-0b-27
ganthaniyā,the_latter,1,,2,2,1-0b-29
ganthaniyāpi,may_or_may_not_be_favourable_to_ties,1,1,1,1,1-0b-31
ganthasampayuttā,associated_with_ties,1,,2,2,1-0b-28
ganthasampayuttā,the_latter,1,,2,2,1-0b-30
ganthavippayuttā,dissociated_from_ties,2,2,2,1,1-0b-28; 1-0b-31
ganthā,both_ties,2,,3,3,1-0b-29; 1-0b-30
ganthā,(States),1,,3,3,1-0b-26
ganthā,ties,1,,3,3,1-0b-26
guttadvāratā,moderation_in_diet,1,1,1,1,1-0b-128
hadayaṃ,heart,11,,12,2,1-111; 1-115; 1-116; 1-117; 1-118
hadayaṃ,that_which_is_clear,1,,12,2,1-63
hetusampayuttā,(associated_with_moral_roots),1,,2,3,1-0b-5
hetusampayuttā,associated_with_a_moral_root,1,,2,3,1-0b-3
hetusampayuttā,associated_with_moral_roots,1,,2,3,1-0b-5
hetuvippayuttā,dissociated_from_a_moral_root,1,1,1,1,1-0b-3
hetū,moral_roots,6,,8,3,1-0b-1; 1-0b-4; 1-0b-5; 1-103; 1-121
hetū,(moral_roots),4,,8,3,1-0b-1; 1-0b-4; 1-0b-5; 1-0b-6
hetū,three,1,,8,3,1-58
hiribalaṃ,power_of_conscientiousness,4,,5,2,1-101; 1-114; 1-30; 1-62
hiribalaṃ,"is,",1,,5,2,1-1
"hiribalaṃ,","power_of_conscientiousness,",2,2,2,1,1-130; 1-95
hiriyitabbena,which_ought_to_be_felt,3,3,3,1,1-101; 1-30; 1-38
hirī,conscientiousness,3,,5,3,1-114; 1-38; 1-62
hirī,Conscientiousness_and,1,,5,3,1-0b-116
hirī,"is,",1,,5,3,1-1
hirīyati,conscientious_scruple,3,,3,2,1-101; 1-30; 1-38
hirīyati,feeling_of_conscientious_scruple,3,,3,2,1-101; 1-30; 1-38
"honti,","are,",2,,2,4,1-121; 1-58
"honti,",faculties,1,,2,4,1-58
"honti,",moral_roots,1,,2,4,1-58
"honti,",powers,1,,2,4,1-58
honti.,are.,7,7,7,1,1-122; 1-124; 1-125; 1-126; 1-127
honti?,are?,14,,15,2,1-103; 1-122; 1-123; 1-124; 1-125
honti?,faculties,1,,15,2,1-74
hoti,is,1,,2,2,1-1
hoti,is?,1,,2,2,1-63
"hoti,",faculty_of_ideation,2,,3,65,1-1; 1-58
"hoti,",feeling,2,,3,65,1-1; 1-58
"hoti,",perception,2,,3,65,1-1; 1-58
"hoti,",thought,2,,3,65,1-1; 1-58
"hoti,",volition,2,,3,65,1-1; 1-58
"hoti,",absence_of_covetousness,1,,3,65,1-1
"hoti,",absence_of_dullness,1,,3,65,1-1
"hoti,",absence_of_greed,1,,3,65,1-1
"hoti,",absence_of_hate,1,,3,65,1-1
"hoti,",absence_of_malice,1,,3,65,1-1
"hoti,",application,1,,3,65,1-1
"hoti,",balance,1,,3,65,1-1
"hoti,",conscientiousness,1,,3,65,1-1
"hoti,",contact,1,,3,65,1-58
"hoti,",directness_of_mental_factors,1,,3,65,1-1
"hoti,",directness_of_mind,1,,3,65,1-1
"hoti,",ease,1,,3,65,1-1
"hoti,",element_of_intellection,1,,3,65,1-58
"hoti,",facility_of_mental_factors,1,,3,65,1-1
"hoti,",facility_of_mind,1,,3,65,1-1
"hoti,",faculty_of_concentration,1,,3,65,1-1
"hoti,",faculty_of_energy,1,,3,65,1-1
"hoti,",faculty_of_faith,1,,3,65,1-1
"hoti,",faculty_of_gladness,1,,3,65,1-1
"hoti,",faculty_of_insight,1,,3,65,1-1
"hoti,",faculty_of_life,1,,3,65,1-1
"hoti,",faculty_of_mindfulness,1,,3,65,1-1
"hoti,",fear_of_blame,1,,3,65,1-1
"hoti,",fitness_of_mental_factors,1,,3,65,1-1
"hoti,",fitness_of_mind,1,,3,65,1-1
"hoti,",grasp,1,,3,65,1-1
"hoti,",intelligence,1,,3,65,1-1
"hoti,",intuition,1,,3,65,1-1
"hoti,","is,",1,,3,65,1-121
"hoti,",Jhāna,1,,3,65,1-58
"hoti,",lightness_of_mental_factors,1,,3,65,1-1
"hoti,",lightness_of_mind,1,,3,65,1-1
"hoti,",mindfulness,1,,3,65,1-1
"hoti,",Path,1,,3,65,1-58
"hoti,",plasticity_of_mental_factors,1,,3,65,1-1
"hoti,",plasticity_of_mind,1,,3,65,1-1
"hoti,",power_of_concentration,1,,3,65,1-1
"hoti,",power_of_conscientiousness,1,,3,65,1-1
"hoti,",power_of_energy,1,,3,65,1-1
"hoti,",power_of_faith,1,,3,65,1-1
"hoti,",power_of_insight,1,,3,65,1-1
"hoti,",power_of_mindfulness,1,,3,65,1-1
"hoti,",power_of_the_fear_of_blame,1,,3,65,1-1
"hoti,",quiet,1,,3,65,1-1
"hoti,",right_concentration,1,,3,65,1-1
"hoti,",right_endeavour,1,,3,65,1-1
"hoti,",right_intention,1,,3,65,1-1
"hoti,",right_mindfulness,1,,3,65,1-1
"hoti,",right_views,1,,3,65,1-1
"hoti,",self-collectedness,1,,3,65,1-1
"hoti,",serenity_of_mental_factors,1,,3,65,1-1
"hoti,",serenity_of_mind,1,,3,65,1-1
"hoti,",skandha_of_consciousness,1,,3,65,1-58
"hoti,",skandha_of_feeling,1,,3,65,1-58
"hoti,",skandha_of_perception,1,,3,65,1-58
"hoti,",skandha_of_synergies,1,,3,65,1-58
"hoti,",sphere_of_ideation,1,,3,65,1-58
"hoti,",sphere_of_mental_state,1,,3,65,1-58
"hoti,",sustained_thinking,1,,3,65,1-1
"hoti,",zest,1,,3,65,1-1
hoti.,is.,43,,50,4,1-105; 1-107; 1-109; 1-113; 1-114
hoti.,occasion,5,,50,4,1-132; 1-133; 1-134; 1-136; 1-137
hoti.,absence_of_dullness,1,,50,4,1-106
hoti.,volition,1,,50,4,1-110
hoti;,element_of_mental_state,1,,3,3,1-58
hoti;,is;,1,,3,3,1-121
hoti;,those,1,,3,3,1-1
hoti?,is?,109,,113,4,1-10; 1-100; 1-101; 1-102; 1-104
hoti?,are?,3,,113,4,1-20; 1-37; 1-90
hoti?,is.,1,,113,4,1-33
hoti?,occasion,1,,113,4,1-135
hoti…pe…,is,6,6,6,1,1-132; 1-133; 1-134; 1-135; 1-136
hāso,mirth,2,2,2,1,1-86; 1-9
hīnā,base,1,1,1,1,1-0a-14
idaṃ,at_that,16,,38,6,1-100; 1-111; 1-116; 1-117; 1-119
idaṃ,this,12,,38,6,1-128; 1-14; 1-19; 1-27; 1-66
idaṃ,occasion,5,,38,6,1-15; 1-16; 1-28; 1-29; 1-53
idaṃ,fear_of_blame,2,,38,6,1-31; 1-39
idaṃ,power_of_conscientiousness,2,,38,6,1-101; 1-30
idaṃ,power_of_the_fear_of_blame,1,,38,6,1-102
ime,these,5,,8,4,1-120; 1-121; 1-122; 1-126; 1-131
ime,at_that,1,,8,4,1-123
ime,good.,1,,8,4,1-57
ime,States,1,,8,4,1-1
imā,these,1,1,1,1,1-125
imāni,these,3,3,3,1,1-124; 1-127; 1-130
indriyesu,Guardedness_in_the_gateways_of_sense_and,1,,2,2,1-0b-128
indriyesu,Unguardedness_in_the_gateways_of_sense_and,1,,2,2,1-0b-127
indriyāni,faculties,2,3,2,1,1-121; 1-127
iriyanā,progress,2,2,2,1,1-19; 1-82
jhānaṃ,Jhāna,3,,4,2,1-121; 1-128; 1-83
jhānaṃ,fivefold,1,,4,2,1-58
jīvitaṃ,life,2,2,2,1,1-19; 1-82
jīvitindriyaṃ,faculty_of_life,5,,6,3,1-114; 1-127; 1-19; 1-62; 1-82
jīvitindriyaṃ,"is,",1,,6,3,1-1
jīvitindriyaṃ,life_as_faculty,1,,6,3,1-19
jīvitindriyaṃ.,"faculty_of_gladness,",1,1,1,1,1-74
kammaññabhāvo,workableness,2,2,2,1,1-46; 1-47
kammaññattaṃ,tractableness,2,2,2,1,1-46; 1-47
kammaññatā,wieldiness,2,2,2,1,1-46; 1-47
Katamaṃ,What,44,44,44,1,1-10; 1-100; 1-101; 1-102; 1-111
Katame,Which,8,8,8,1,1-1; 1-103; 1-122; 1-123; 1-126
Katamo,What,37,37,37,1,1-104; 1-105; 1-106; 1-107; 1-112
Katamā,What,38,,40,2,1-108; 1-109; 1-11; 1-110; 1-118
Katamā,Which,2,,40,2,1-125; 1-67
Katamāni,Which,6,6,6,1,1-124; 1-127; 1-130; 1-64; 1-74
kaṇhā,dark,1,1,1,1,1-0b-104
kenaci,(in_a_given_way),1,,1,2,1-0b-13
kenaci,in_a_given_way,1,,1,2,1-0b-13
khandhā,skandhas,4,,4,2,1-121; 1-123; 1-58; 1-59
khandhā,are.,1,,4,2,1-123
khanti,Patience_and,1,1,1,1,1-0b-125
khaye,Knowledge_in_making_an_end,1,1,1,1,1-0b-142
kho,indeed,2,2,2,1,1-0b-19; 1-0b-6
kilesasampayuttā,associated_with_vice,1,,2,2,1-0b-78
kilesasampayuttā,the_latter,1,,2,2,1-0b-81
kilesavippayuttā,are_dissociated_from_vice,1,,2,2,1-0b-78
kilesavippayuttā,dissociated_from_vice,1,,2,2,1-0b-82
kilesā,both_vices,3,,4,3,1-0b-79; 1-0b-80; 1-0b-81
kilesā,(States),1,,4,3,1-0b-75
kilesā,vices,1,,4,3,1-0b-75
kosallaṃ,subtlety,10,10,10,1,1-100; 1-16; 1-20; 1-29; 1-34
kusalamūlaṃ,root_of_good,3,,4,2,1-105; 1-33; 1-36
kusalamūlaṃ,this,1,,4,2,1-34
kusalaṃ,good,1,1,1,1,1-1
kusalesu,and_unfalteringness_in_the_struggle,1,1,1,1,1-0b-140
kusalā,good,1,1,1,1,1-0a-1
kusalā.,good.,2,,3,2,1-120; 1-121
kusalā.,States,1,,3,2,1-58
kusalā?,good?,1,1,1,1,1-1
kāmāvacaraṃ,sensuous_universe,1,1,1,1,1-1
kāmāvacarā,of_the_universe_of_sense,1,1,1,1,1-0b-93
kāyakammaññatā,facility_of_mental_factors,2,,4,3,1-114; 1-62
kāyakammaññatā,"is,",1,,4,3,1-1
kāyakammaññatā,wieldiness_of_mental_factors,1,,4,3,1-46
kāyalahutā,lightness_of_mental_factors,2,,4,3,1-114; 1-62
kāyalahutā,buoyancy_of_mental_factors,1,,4,3,1-42
kāyalahutā,"is,",1,,4,3,1-1
kāyamudutā,plasticity_of_mental_factors,2,,4,3,1-114; 1-62
kāyamudutā,"is,",1,,4,3,1-1
kāyamudutā,pliancy_of_mental_factors,1,,4,3,1-44
kāyapassaddhi,serenity_of_mental_factors,3,,4,3,1-114; 1-40; 1-62
kāyapassaddhi,"is,",1,,4,3,1-1
kāyapassaddhi,repose_of_mental_factors,1,,4,3,1-40
kāyapāguññatā,fitness_of_mental_factors,3,,4,2,1-114; 1-48; 1-62
kāyapāguññatā,"is,",1,,4,2,1-1
kāyujukatā,directness_of_mental_factors,2,,4,3,1-114; 1-62
kāyujukatā,"is,",1,,4,3,1-1
kāyujukatā,rectitude_of_mental_factors,1,,4,3,1-50
lahupariṇāmatā,alertness_in_varying,2,2,2,1,1-42; 1-43
lahutā,buoyancy,2,2,2,1,1-42; 1-43
lokiyā,mundane,1,1,1,1,1-0b-12
lokuttarā,supramundane,1,1,1,1,1-0b-12
maddavatā,suavity,2,2,2,1,1-44; 1-45
maggahetukā,whose_moral_root_is_the_Path,1,1,1,1,1-0a-16
maggo,Path,3,,4,2,1-121; 1-129; 1-89
maggo,fivefold,1,,4,2,1-58
maggādhipatino,whose_dominant_influence_is_the_Path,1,1,1,1,1-0a-16
maggārammaṇā,have_the_Path_as_object,1,1,1,1,1-0a-16
mahaggatā,sublime,1,1,1,1,1-0a-12
mahaggatārammaṇā,a_sublime_object,1,1,1,1,1-0a-13
majjhimā,of_medium_worth,1,1,1,1,1-0a-14
manindriyaṃ,intellection,11,,15,6,1-111; 1-115; 1-116; 1-117; 1-118
manindriyaṃ,faculty_of_mind,4,,15,6,1-117; 1-121; 1-17; 1-80
manindriyaṃ,is.,3,,15,6,1-117; 1-17; 1-80
manindriyaṃ,"is,",1,,15,6,1-1
manindriyaṃ,one,1,,15,6,1-58
manindriyaṃ,skandha_of_consciousness,1,,15,6,1-63
"manindriyaṃ,","faculty_of_ideation,",1,,2,2,1-127
"manindriyaṃ,","faculty_of_insight,",1,,2,2,1-74
mano,ideation,11,,12,4,1-111; 1-115; 1-116; 1-117; 1-118
mano,ideation_as_the_sphere_of_mind,11,,12,4,1-111; 1-115; 1-116; 1-117; 1-118
mano,faculty_of_mind,1,,12,4,1-63
mano,mind,1,,12,4,1-63
manosañcetanāhāro,"nutriment_of_volition,",1,,2,3,1-70
manosañcetanāhāro,nutriment_which_is_volition,1,,2,3,1-72
manosañcetanāhāro,representative_cogitation,1,,2,3,1-72
"manosañcetanāhāro,","nutriment_of_volition,",1,1,1,1,1-126
manoviññāṇadhātu,element_of_intellection,3,,4,3,1-118; 1-121; 1-68
manoviññāṇadhātu,is.,2,,4,3,1-118; 1-68
manoviññāṇadhātu,one,1,,4,3,1-58
"Manoviññāṇadhātu,","Element_of_intellection,",1,,2,2,1-125
"Manoviññāṇadhātu,","Element_of_representative_intellection,",1,,2,2,1-67
manāyatanaṃ,faculty_of_mind,11,,14,5,1-111; 1-115; 1-116; 1-117; 1-118
manāyatanaṃ,sphere_of_mind,3,,14,5,1-116; 1-121; 1-65
manāyatanaṃ,is.,2,,14,5,1-116; 1-65
manāyatanaṃ,intellection,1,,14,5,1-63
manāyatanaṃ,one,1,,14,5,1-58
Manāyatanaṃ,"Sphere_of_mind,",1,1,1,1,1-64
"Manāyatanaṃ,","Sphere_of_mind,",1,1,1,1,1-124
medhā,a_guide,9,,10,2,1-100; 1-16; 1-29; 1-34; 1-37
medhā,leading,1,,10,2,1-20
micchattaniyatā,of_a_wrongfulness_fixed_as_to_consequences,1,1,1,1,1-0a-15
mudutā,plasticity,1,,2,2,1-45
mudutā,pliancy,1,,2,2,1-44
muṭṭhasaccañca,Forgetfulness_and,1,1,1,1,1-0b-129
mānasaṃ,mind,11,,12,2,1-111; 1-115; 1-116; 1-117; 1-118
mānasaṃ,heart,1,,12,2,1-63
na,not,12,,18,5,1-0b-1; 1-0b-13; 1-0b-4; 1-0b-5; 1-0b-6
na,nor,3,,18,5,1-0a-3; 1-0a-8; 1-0a-9
na,unaccompanied_by_ease,1,,18,5,1-0b-91
na,unaccompanied_by_indifference,1,,18,5,1-0b-92
na,unaccompanied_by_zest,1,,18,5,1-0b-90
nepuññaṃ,criticism,10,10,10,1,1-100; 1-16; 1-20; 1-29; 1-34
neva,neither,3,3,3,1,1-0a-3; 1-0a-8; 1-0a-9
nevasekkhanāsekkhā,of_one_who_is_neither,1,1,1,1,1-0a-11
nevācayagāmināpacayagāmino,going_to_neither,1,1,1,1,1-0a-10
nikkamo,striving,7,7,7,1,1-13; 1-22; 1-26; 1-56; 1-76
nirutti,explanations,1,1,1,1,1-0b-107
niruttipathā,processes_of_explanation,1,1,1,1,1-0b-107
niyatā,fixed,1,1,1,1,1-0b-98
niyyānikā,lead_onward,1,1,1,1,1-0b-97
no,are_not_so,5,,19,14,1-0b-60; 1-0b-62; 1-0b-63; 1-0b-64; 1-0b-65
no,not,2,,19,14,1-0b-17; 1-0b-18
no,are_not_bonds,1,,19,14,1-0b-38
no,are_not_derived,1,,19,14,1-0b-67
no,are_not_fetters,1,,19,14,1-0b-20
no,are_not_floods,1,,19,14,1-0b-32
no,are_not_graspings,1,,19,14,1-0b-69
no,are_not_hindrances,1,,19,14,1-0b-44
no,are_not_perversions,1,,19,14,1-0b-50
no,are_not_ties,1,,19,14,1-0b-26
no,are_not_vices,1,,19,14,1-0b-75
no,are_not_āsavas,1,,19,14,1-0b-14
no,do_not_so_come_into_being,1,,19,14,1-0b-61
no,have_not_thought,1,,19,14,1-0b-56
nāmañca,Name_and,1,1,1,1,1-0b-109
nīvaraṇasampayuttā,associated_with_hindrances,1,,2,2,1-0b-46
nīvaraṇasampayuttā,the_latter,1,,2,2,1-0b-48
nīvaraṇavippayuttā,are_dissociated_from_hindrances,1,,2,2,1-0b-46
nīvaraṇavippayuttā,dissociated_from_hindrances,1,,2,2,1-0b-49
nīvaraṇiyā,favourable_to_hindrances,1,,2,2,1-0b-45
nīvaraṇiyā,the_latter,1,,2,2,1-0b-47
nīvaraṇiyāpi,may_be_favourable_to_hindrances,1,1,1,1,1-0b-49
nīvaraṇā,both_hindrances,2,,3,3,1-0b-47; 1-0b-48
nīvaraṇā,(States),1,,3,3,1-0b-44
nīvaraṇā,hindrances,1,,3,3,1-0b-44
odagyaṃ,exultation,2,2,2,1,1-86; 1-9
oghaniyā,favourable_to_floods,1,,2,2,1-0b-33
oghaniyā,the_latter,1,,2,2,1-0b-35
oghaniyāpi,may_be_favourable_to_floods,1,1,1,1,1-0b-37
oghasampayuttā,associated_with_floods,1,,2,2,1-0b-34
oghasampayuttā,the_latter,1,,2,2,1-0b-36
oghavippayuttā,are_dissociated_from_floods,1,,2,2,1-0b-34
oghavippayuttā,dissociated_from_floods,1,,2,2,1-0b-37
oghā,both_floods,2,,3,3,1-0b-35; 1-0b-36
oghā,(States),1,,3,3,1-0b-32
oghā,floods,1,,3,3,1-0b-32
okappanā,professing_confidence_in,4,4,4,1,1-12; 1-25; 1-75; 1-96
ottappabalaṃ,power_of_the_fear_of_blame,5,,6,2,1-102; 1-114; 1-130; 1-31; 1-62
ottappabalaṃ,"is,",1,,6,2,1-1
ottappabalaṃ.,power_of_the_fear_of_blame.,1,1,1,1,1-95
ottappati,sense_of_guilt,3,6,3,1,1-102; 1-31; 1-39
ottappaṃ,fear_of_blame,3,,4,2,1-114; 1-39; 1-62
ottappaṃ,"is,",1,,4,2,1-1
ottappitabbena,which_ought_to_be_felt,3,3,3,1,1-102; 1-31; 1-39
paccupalakkhaṇā,erudition,10,10,10,1,1-100; 1-16; 1-20; 1-29; 1-34
paccuppannā,present,1,1,1,1,1-0a-18
paccuppannārammaṇā,the_present_as_their_object,1,1,1,1,1-0a-19
paggāhanimittañca,the_sign_of_grasp,1,1,1,1,1-0b-133
paggāho,grasp,3,,5,4,1-114; 1-56; 1-62
paggāho,Grasp_and,1,,5,4,1-0b-134
paggāho,"is,",1,,5,4,1-1
paggāho,is.,1,,5,4,1-56
paguṇabhāvo,efficient_state,2,2,2,1,1-48; 1-49
paguṇattaṃ,competence,2,2,2,1,1-48; 1-49
paguṇatā,fitness,2,2,2,1,1-48; 1-49
pahāso,merriment,2,2,2,1,1-86; 1-9
pahātabbahetukā,moral_root_of_which_may_be_put_away,2,,3,3,1-0b-85; 1-0b-86
pahātabbahetukā,(moral_roots_put_away),1,,3,3,1-0a-9
pahātabbahetukā,moral_roots_of_which_are_to_be_put_away,1,,3,3,1-0a-9
pahātabbā,may_be_put_away,2,,3,3,1-0b-83; 1-0b-84
pahātabbā,(to_be_put_away),1,,3,3,1-0a-8
pahātabbā,to_be_put_away,1,,3,3,1-0a-8
pajānanā,search,10,10,10,1,1-100; 1-16; 1-20; 1-29; 1-34
pamodanā,rejoicing_over,2,2,2,1,1-86; 1-9
pana,moreover,2,,4,3,1-0b-19; 1-0b-6
pana,at_that,1,,4,3,1-1
pana,occasion,1,,4,3,1-57
"panārabbha,",at_that,1,1,1,1,1-1
parakkamo,onward_effort,7,7,7,1,1-13; 1-22; 1-26; 1-56; 1-76
parittā,limited,1,1,1,1,1-0a-12
parittārammaṇā,have_a_limited_object,1,1,1,1,1-0a-13
pariyāpannā,included,1,1,1,1,1-0b-96
pariṇāyikā,intuition,9,,10,2,1-100; 1-16; 1-29; 1-34; 1-37
pariṇāyikā,insight,1,,10,2,1-20
parāmaṭṭhā,perverted,1,,2,2,1-0b-51
parāmaṭṭhā,the_latter,1,,2,2,1-0b-53
parāmaṭṭhāpi,are_either_perverted,1,1,1,1,1-0b-54
parāmāsasampayuttā,associated_with_perversion,1,1,1,1,1-0b-52
parāmāsavippayuttā,dissociated_from_perversion,2,2,2,1,1-0b-52; 1-0b-54
parāmāsā,(States),1,,2,3,1-0b-50
parāmāsā,both_perversions,1,,2,3,1-0b-53
parāmāsā,perversions,1,,2,3,1-0b-50
passaddhi,serenity,2,2,2,1,1-40; 1-41
passambhanā,calming,2,2,2,1,1-40; 1-41
patodo,wisdom_as_faculty,7,,10,3,1-16; 1-29; 1-34; 1-37; 1-53
patodo,wisdom,2,,10,3,1-100; 1-79
patodo,insight_as_faculty,1,,10,3,1-20
pavicayo,searching_the_Doctrine,9,,10,2,1-100; 1-16; 1-29; 1-34; 1-37
pavicayo,searching_the_Truth,1,,10,2,1-20
pañcaṅgikaṃ,"are,",1,,2,2,1-58
pañcaṅgikaṃ,fivefold,1,,2,2,1-83
pañcaṅgiko,fivefold,1,,2,2,1-89
pañcaṅgiko,"is,",1,,2,2,1-58
paññatti,expressions,1,1,1,1,1-0b-108
paññattipathā,processes_of_expression,1,1,1,1,1-0b-108
paññindriyaṃ,wisdom_as_a_sword,7,,13,6,1-16; 1-29; 1-34; 1-37; 1-53
paññindriyaṃ,faculty_of_insight,4,,13,6,1-114; 1-16; 1-62; 1-79
paññindriyaṃ,power_of_wisdom,2,,13,6,1-100; 1-79
paññindriyaṃ,as_a_sword,1,,13,6,1-20
paññindriyaṃ,"is,",1,,13,6,1-1
paññindriyaṃ,is.,1,,13,6,1-79
"paññindriyaṃ,","faculty_of_concentration,",1,,2,2,1-74
"paññindriyaṃ,","faculty_of_insight,",1,,2,2,1-127
paññā,understanding,11,,11,4,1-100; 1-106; 1-16; 1-20; 1-29
paññā,wisdom_as_power,7,,11,4,1-16; 1-29; 1-34; 1-37; 1-53
paññā,faculty_of_insight,2,,11,4,1-100; 1-79
paññā,insight_as_power,1,,11,4,1-20
paññābalaṃ,wisdom_as_a_height,7,,13,6,1-16; 1-29; 1-34; 1-37; 1-53
paññābalaṃ,power_of_insight,4,,13,6,1-100; 1-114; 1-29; 1-62
paññābalaṃ,a_sword,2,,13,6,1-100; 1-79
paññābalaṃ,as_a_height,1,,13,6,1-20
paññābalaṃ,"is,",1,,13,6,1-1
paññābalaṃ,is.,1,,13,6,1-100
"paññābalaṃ,","power_of_insight,",2,2,2,1,1-130; 1-95
paññāobhāso,wisdom_as_a_precious_stone,7,,10,3,1-16; 1-29; 1-34; 1-37; 1-53
paññāobhāso,splendour,2,,10,3,1-100; 1-79
paññāobhāso,as_a_precious_stone,1,,10,3,1-20
paññāpajjoto,absence_of_dullness,8,,10,2,1-16; 1-20; 1-29; 1-34; 1-37
paññāpajjoto,a_precious_stone,2,,10,2,1-100; 1-79
paññāpāsādo,wisdom_as_glory,7,,10,3,1-16; 1-29; 1-34; 1-37; 1-53
paññāpāsādo,light,2,,10,3,1-100; 1-79
paññāpāsādo,as_glory,1,,10,3,1-20
paññāratanaṃ,searching_the_Truth,8,,10,2,1-16; 1-20; 1-29; 1-34; 1-37
paññāratanaṃ,absence_of_dullness,2,,10,2,1-100; 1-79
paññāsatthaṃ,wisdom_as_light,7,,10,3,1-16; 1-29; 1-34; 1-37; 1-53
paññāsatthaṃ,a_height,2,,10,3,1-100; 1-79
paññāsatthaṃ,as_light,1,,10,3,1-20
paññāāloko,wisdom_as_splendour,7,,10,3,1-16; 1-29; 1-34; 1-37; 1-53
paññāāloko,glory,2,,10,3,1-100; 1-79
paññāāloko,as_splendour,1,,10,3,1-20
paṇītā,excellent,1,1,1,1,1-0a-14
paṇḍaraṃ,that_which_is_clear,11,,12,2,1-111; 1-115; 1-116; 1-117; 1-118
paṇḍaraṃ,ideation_as_the_sphere_of_mind,1,,12,2,1-63
paṇḍiccaṃ,proficiency,10,10,10,1,1-100; 1-16; 1-20; 1-29; 1-34
paṇḍitā,discreet,1,1,1,1,1-0b-103
paṭiccasamuppannā,causally_induced,4,,7,4,1-114; 1-120; 1-121; 1-62
paṭiccasamuppannā,are,1,,7,4,1-58
paṭiccasamuppannā,incorporeal,1,,7,4,1-1
paṭiccasamuppannā,States,1,,7,4,1-57
paṭipassaddhi,composure,2,2,2,1,1-40; 1-41
paṭipassambhanā,tranquillizing,2,2,2,1,1-40; 1-41
paṭipassambhitattaṃ,tranquillity,2,2,2,1,1-40; 1-41
paṭisanthāro,courtesy,1,1,1,1,1-0b-126
paṭisaṅkhānabalañca,Computing_power_and,1,1,1,1,1-0b-131
paṭissati,calling_back_to_mind,7,7,7,1,1-14; 1-23; 1-27; 1-52; 1-77
phasso,contact,5,,7,4,1-107; 1-121; 1-132; 1-2; 1-71
phasso,at_that,1,,7,4,1-132
phasso,"is,",1,,7,4,1-1
phasso,one,1,,7,4,1-58
Phasso,Contact,2,2,2,1,1-114; 1-62
phassāhāro,nutriment_which_is_contact,1,2,1,1,1-71
"Phassāhāro,","Nutriment_of_contact,",2,2,2,1,1-126; 1-70
phoṭṭhabbārammaṇaṃ,touch_object,1,1,1,1,1-1
phusanā,touching,3,3,3,1,1-107; 1-2; 1-71
pubbantānudiṭṭhi,Theory_of_first_and,1,1,1,1,1-0b-114
pālanā,preservation,2,2,2,1,1-19; 1-82
pāmojjaṃ,joy,2,2,2,1,1-86; 1-9
pāpakānaṃ,at_attaining_to_bad_and_evil_states,6,6,6,1,1-101; 1-102; 1-30; 1-31; 1-38
pīti,zest,4,,5,3,1-114; 1-62; 1-86; 1-9
pīti,is.,2,,5,3,1-86; 1-9
pīti,"is,",1,,5,3,1-1
"pīti,","zest,",2,2,2,1,1-128; 1-83
pītisahagatā,accompanied_by_zest,2,,2,2,1-0a-7; 1-0b-90
pītisahagatā,(States),1,,2,2,1-0b-90
rasārammaṇaṃ,taste_object,1,1,1,1,1-1
rūpañca,shape,1,1,1,1,1-0b-109
rūpino,have_material_form,1,1,1,1,1-0b-11
rūpārammaṇaṃ,sight_object,1,1,1,1,1-1
rūpāvacarā,of_the_universe_of_form,1,1,1,1,1-0b-94
saddahanā,trusting_in,4,4,4,1,1-12; 1-25; 1-75; 1-96
saddhindriyaṃ,faculty_of_faith,5,,7,4,1-114; 1-12; 1-62; 1-75; 1-96
saddhindriyaṃ,faith_as_a_faculty_and_as_a_power,2,,7,4,1-12; 1-25
saddhindriyaṃ,"is,",1,,7,4,1-1
saddhindriyaṃ,is.,1,,7,4,1-12
"Saddhindriyaṃ,",are?,1,,2,2,1-74
"Saddhindriyaṃ,","Faculty_of_faith,",1,,2,2,1-127
saddhā,faith,4,8,4,1,1-12; 1-25; 1-75; 1-96
saddhābalaṃ,power_of_faith,5,,6,3,1-114; 1-25; 1-62; 1-75; 1-96
saddhābalaṃ,"is,",1,,6,3,1-1
saddhābalaṃ,is.,1,,6,3,1-25
"Saddhābalaṃ,","Power_of_faith,",2,2,2,1,1-130; 1-95
saddārammaṇaṃ,sound_object,1,1,1,1,1-1
sahetukā,concomitant_with_a_moral_root,2,,2,2,1-0b-2; 1-0b-4
sahetukā,(concomitant_with_a_moral_root),1,,2,2,1-0b-4
sahetukāpi,concomitant_with_moral_roots,1,1,1,1,1-0b-6
sallakkhaṇā,discrimination,10,10,10,1,1-100; 1-16; 1-20; 1-29; 1-34
samathanimittañca,The_sign_of_calm_and,1,1,1,1,1-0b-133
samatho,faculty_and_power_of_concentration,8,,14,5,1-11; 1-15; 1-24; 1-28; 1-54
samatho,quiet,3,,14,5,1-114; 1-54; 1-62
samatho,faculty_of_concentration,2,,14,5,1-78; 1-99
samatho,Calm_and,1,,14,5,1-0b-132
samatho,"is,",1,,14,5,1-1
samaye,occasion,137,,137,32,1-1; 1-10; 1-100; 1-101; 1-102
samaye,is.,18,,137,32,1-11; 1-15; 1-16; 1-24; 1-28
samaye,one,6,,137,32,1-111; 1-115; 1-116; 1-117; 1-118
samaye,are.,3,,137,32,1-20; 1-37; 1-90
samaye,at_that,3,,137,32,1-106; 1-110; 1-58
samaye,thought,3,,137,32,1-17; 1-6; 1-63
samaye,absence_of_greed,2,,137,32,1-104; 1-32
samaye,right_endeavour,2,,137,32,1-22; 1-92
samaye,right_intention,2,,137,32,1-21; 1-91
samaye,zest,2,,137,32,1-86; 1-9
samaye,absence_of_covetousness,1,,137,32,1-35
samaye,application,1,,137,32,1-7
samaye,applied_thought,1,,137,32,1-84
samaye,are,1,,137,32,1-57
samaye,contact,1,,137,32,1-1
samaye,element_of_intellection,1,,137,32,1-68
samaye,energy,1,,137,32,1-13
samaye,faculty_of_concentration,1,,137,32,1-78
samaye,faculty_of_insight,1,,137,32,1-79
samaye,faculty_of_mind,1,,137,32,1-80
samaye,faith,1,,137,32,1-12
samaye,feeling,1,,137,32,1-108
samaye,grasp,1,,137,32,1-56
samaye,nutriment_which_is_consciousness,1,,137,32,1-73
samaye,others_also,1,,137,32,1-1
samaye,power_of_concentration,1,,137,32,1-99
samaye,power_of_energy,1,,137,32,1-26
samaye,power_of_faith,1,,137,32,1-25
samaye,power_of_insight,1,,137,32,1-100
samaye,skandha_of_feeling,1,,137,32,1-112
samaye,skandhas,1,,137,32,1-123
samaye,sphere_of_mind,1,,137,32,1-65
sammattaniyatā,of_a_righteousness_fixed_as_to_consequences,1,1,1,1,1-0a-15
sammādiṭṭhi,this,7,,12,5,1-16; 1-20; 1-29; 1-37; 1-53
sammādiṭṭhi,right_views,5,,12,5,1-114; 1-20; 1-37; 1-62; 1-90
sammādiṭṭhi,"is,",1,,12,5,1-1
sammādiṭṭhi,root_of_good,1,,12,5,1-34
sammādiṭṭhi,searching_the_Truth,1,,12,5,1-106
"Sammādiṭṭhi,","Right_views,",2,2,2,1,1-129; 1-89
sammāsamādhi,this,8,,12,3,1-11; 1-15; 1-24; 1-28; 1-54
sammāsamādhi,right_concentration,5,,12,3,1-114; 1-129; 1-24; 1-62; 1-94
sammāsamādhi,"is,",1,,12,3,1-1
sammāsamādhi.,right_concentration.,1,1,1,1,1-89
sammāsati,right_mindfulness,9,,10,2,1-114; 1-14; 1-23; 1-27; 1-52
sammāsati,"is,",1,,10,2,1-1
"sammāsati,","right_mindfulness,",2,2,2,1,1-129; 1-89
sammāsaṅkappo,right_intention,4,,5,3,1-114; 1-21; 1-62; 1-91
sammāsaṅkappo,is.,2,,5,3,1-21; 1-91
sammāsaṅkappo,"is,",1,,5,3,1-1
"sammāsaṅkappo,","right_intention,",2,2,2,1,1-129; 1-89
sammāvāyāmo,right_endeavour,6,,7,3,1-114; 1-22; 1-62; 1-76; 1-92
sammāvāyāmo,is.,2,,7,3,1-22; 1-92
sammāvāyāmo,"is,",1,,7,3,1-1
"sammāvāyāmo,","right_endeavour,",2,2,2,1,1-129; 1-89
sampajaññaṃ,a_goad,9,,13,4,1-100; 1-16; 1-29; 1-34; 1-37
sampajaññaṃ,intelligence,3,,13,4,1-114; 1-53; 1-62
sampajaññaṃ,incitement,1,,13,4,1-20
sampajaññaṃ,"is,",1,,13,4,1-1
sampayuttā,(associated_with),1,,1,2,1-0a-2
sampayuttā,associated_with,1,,1,2,1-0a-2
samādhibalaṃ,power_of_concentration,4,,6,4,1-114; 1-28; 1-62; 1-99
samādhibalaṃ,right_concentration,2,,6,4,1-78; 1-99
samādhibalaṃ,"is,",1,,6,4,1-1
samādhibalaṃ,is.,1,,6,4,1-99
"samādhibalaṃ,","power_of_concentration,",2,2,2,1,1-130; 1-95
samādhindriyaṃ,right_concentration,8,,13,5,1-11; 1-15; 1-24; 1-28; 1-54
samādhindriyaṃ,faculty_of_concentration,4,,13,5,1-114; 1-15; 1-62; 1-78
samādhindriyaṃ,power_of_concentration,2,,13,5,1-78; 1-99
samādhindriyaṃ,"is,",1,,13,5,1-1
samādhindriyaṃ,is.,1,,13,5,1-78
"samādhindriyaṃ,","faculty_of_concentration,",1,,2,2,1-127
"samādhindriyaṃ,","faculty_of_mindfulness,",1,,2,2,1-74
samāpattikusalatā,Skill_in_the_attainments_and,1,1,1,1,1-0b-120
samāpattiyā,at_that,6,6,6,1,1-101; 1-102; 1-30; 1-31; 1-38
sanidassanasappaṭighā,visible_and_reacting,1,1,1,1,1-0a-22
sanidassanā,visible,1,1,1,1,1-0b-9
sappaccayā,causally_related,1,1,1,1,1-0b-7
sappaṭighā,reactions,1,1,1,1,1-0b-10
sappītikā,concomitant_with_zest,1,1,1,1,1-0b-89
saraṇatā,remembering,7,7,7,1,1-14; 1-23; 1-27; 1-52; 1-77
saraṇā,harmful,1,1,1,1,1-0b-100
sassatadiṭṭhi,Theory_of_eternalism_and,1,1,1,1,1-0b-112
sati,mindfulness,9,,11,3,1-114; 1-14; 1-23; 1-27; 1-52
sati,"is,",1,,11,3,1-1
sati,Mindfulness_and,1,,11,3,1-0b-130
satibalaṃ,mindfulness_as_power,5,,10,3,1-14; 1-23; 1-27; 1-52; 1-93
satibalaṃ,power_of_mindfulness,5,,10,3,1-114; 1-27; 1-62; 1-77; 1-98
satibalaṃ,"is,",1,,10,3,1-1
"satibalaṃ,","power_of_mindfulness,",2,2,2,1,1-130; 1-95
satindriyaṃ,faculty_of_mindfulness,5,,10,3,1-114; 1-14; 1-62; 1-77; 1-98
satindriyaṃ,mindfulness_as_faculty,5,,10,3,1-14; 1-23; 1-27; 1-52; 1-93
satindriyaṃ,"is,",1,,10,3,1-1
"satindriyaṃ,","faculty_of_energy,",1,,2,2,1-74
"satindriyaṃ,","faculty_of_mindfulness,",1,,2,2,1-127
satta,"is,",1,,2,2,1-58
satta,seven,1,,2,2,1-95
sauttarā,have_a_beyond,1,1,1,1,1-0b-99
savicārā,having_sustained_thinking,1,1,1,1,1-0b-88
savitakkasavicārā,applied_and_sustained_thinking,1,1,1,1,1-0a-6
savitakkā,having_applied_thinking,1,1,1,1,1-0b-87
sañcetanā,purpose,1,,3,3,1-5
sañcetanā,volition,1,,3,3,1-110
sañcetanā,willing,1,,3,3,1-72
sañjānanā,perceiving,4,4,4,1,1-109; 1-113; 1-4; 1-61
sañjānitattaṃ,state_of_having_perceived,4,4,4,1,1-109; 1-113; 1-4; 1-61
saññā,perception,6,,8,4,1-109; 1-113; 1-121; 1-134; 1-4
saññā,at_that,1,,8,4,1-134
saññā,"is,",1,,8,4,1-1
saññā,one,1,,8,4,1-58
saññākkhandhassa,perception,6,6,6,1,1-40; 1-42; 1-44; 1-46; 1-48
saññākkhandhaṃ,skandha_of_perception,2,2,2,1,1-114; 1-62
saññākkhandho,skandha_of_perception,3,,6,3,1-113; 1-121; 1-61
saññākkhandho,"skandha_of_perception,",2,,6,3,1-119; 1-123
saññākkhandho,one,1,,6,3,1-58
"saññākkhandho,","skandha_of_perception,",5,5,5,1,1-120; 1-122; 1-59; 1-66; 1-69
saṃkilesikā,vicious,2,2,2,1,1-0b-76; 1-0b-79
saṃkilesikāpi,may_be_either_vicious,1,1,1,1,1-0b-82
saṃkiliṭṭhasaṃkilesikā,vitiated_and_vicious,1,1,1,1,1-0a-5
saṃkiliṭṭhā,vitiated,2,2,2,1,1-0b-77; 1-0b-80
saṃphusanā,being_brought_into_contact,3,3,3,1,1-107; 1-2; 1-71
saṃphusitattaṃ,state_of_having_been_brought_into_touch_with,3,3,3,1,1-107; 1-2; 1-71
saṃvego,Agitation_and,1,1,1,1,1-0b-139
saṃvejaniyesu,and_the_struggle_of_the_agitated,1,1,1,1,1-0b-139
saṃyojanasampayuttā,associated_with_fetters,1,,2,2,1-0b-22
saṃyojanasampayuttā,the_latter,1,,2,2,1-0b-24
saṃyojanavippayuttā,are_dissociated_from_fetters,1,,2,2,1-0b-22
saṃyojanavippayuttā,dissociated_from_fetters,1,,2,2,1-0b-25
saṃyojaniyā,favourable_to_fetters,1,,2,2,1-0b-21
saṃyojaniyā,the_latter,1,,2,2,1-0b-23
saṃyojaniyāpi,may_be_favourable_to_fetters,1,1,1,1,1-0b-25
saṃyojanā,both_fetters,2,,3,3,1-0b-23; 1-0b-24
saṃyojanā,(States),1,,3,3,1-0b-20
saṃyojanā,fetters,1,,3,3,1-0b-20
saṅkappo,disposing,4,4,4,1,1-21; 1-7; 1-84; 1-91
saṅkhatā,conditioned,1,1,1,1,1-0b-8
saṅkhārakkhandhassa,and_synergies,6,6,6,1,1-40; 1-42; 1-44; 1-46; 1-48
saṅkhārakkhandho,skandha_of_synergies,6,,7,2,1-114; 1-120; 1-121; 1-62; 1-66
saṅkhārakkhandho,one,1,,7,2,1-58
"saṅkhārakkhandho,","skandha_of_synergies,",2,,3,2,1-122; 1-59
"saṅkhārakkhandho,",skandha_of_consciousness,1,,3,2,1-123
saṇṭhiti,absorbed_steadfastness_of_thought,10,10,10,1,1-11; 1-15; 1-24; 1-28; 1-54
sekkhā,of_one_in_training,1,1,1,1,1-0a-11
somanassasahagataṃ,accompanied_by_gladness,1,1,1,1,1-1
somanassindriyaṃ,faculty_of_gladness,1,,3,3,1-81
somanassindriyaṃ,faculty_of_pleasure,1,,3,3,1-18
somanassindriyaṃ,"is,",1,,3,3,1-1
"somanassindriyaṃ,","faculty_of_gladness,",1,,2,2,1-127
"somanassindriyaṃ,","faculty_of_ideation,",1,,2,2,1-74
sovacassatā,Suavity_and,1,1,1,1,1-0b-118
sukhasahagatā,(States),1,,2,3,1-0b-91
sukhasahagatā,accompanied_by_ease,1,,2,3,1-0b-91
sukhasahagatā,by_happiness,1,,2,3,1-0a-7
sukhaṃ,born_of_contact_with_thought,4,,7,4,1-108; 1-112; 1-3; 1-60
sukhaṃ,pleasurable,4,,7,4,1-108; 1-112; 1-3; 1-60
sukhaṃ,ease,2,,7,4,1-10; 1-87
sukhaṃ,"is,",1,,7,4,1-1
"sukhaṃ,","ease,",2,2,2,1,1-128; 1-83
sukhā,occasion,4,4,4,1,1-10; 1-18; 1-81; 1-87
sukhāya,pleasant,1,1,1,1,1-0a-2
sukkā,bright,1,1,1,1,1-0b-104
sākhalyañca,Amity_and,1,1,1,1,1-0b-126
sārammaṇā,have_objects_of_thought,1,1,1,1,1-0b-55
sāsavā,(having_āsavas),1,,2,3,1-0b-17
sāsavā,have_āsavas,1,,2,3,1-0b-15
sāsavā,having_āsavas,1,,2,3,1-0b-17
sāsavāpi,having_āsavas,1,1,1,1,1-0b-19
sātaṃ,mental_ease,8,,8,2,1-10; 1-108; 1-112; 1-18; 1-3
sātaṃ,sensation,4,,8,2,1-108; 1-112; 1-3; 1-60
sātā,at_that,4,,8,2,1-10; 1-18; 1-81; 1-87
sātā,feeling,4,,8,2,1-108; 1-112; 1-3; 1-60
sīlasampadā,Moral_achievement_and,1,1,1,1,1-0b-136
sīlavipatti,Moral_failure_and,1,1,1,1,1-0b-135
sīlavisuddhi,Purity_of_morals_and,1,1,1,1,1-0b-137
tajjāmanoviññāṇadhātu,this,1,1,1,1,1-63
tajjāmanoviññāṇadhātusamphassajaṃ,born_of_contact_with_the_appropriate_element_of_representative_intellection,1,1,1,1,1-3
tajjāmanoviññāṇadhātusamphassajā,born_of_contact_with_the_appropriate_element_of_representative_intellection,2,2,2,1,1-4; 1-5
takko,discrimination,4,4,4,1,1-21; 1-7; 1-84; 1-91
tapanīyā,conduce_to_remorse,1,1,1,1,1-0b-105
tasmiṃ,at_that,135,,136,23,1-10; 1-100; 1-101; 1-102; 1-103
tasmiṃ,occasion,35,,136,23,1-1; 1-100; 1-104; 1-111; 1-115
tasmiṃ,is.,6,,136,23,1-101; 1-102; 1-30; 1-31; 1-38
tasmiṃ,right_views,3,,136,23,1-20; 1-37; 1-90
tasmiṃ,one,2,,136,23,1-108; 1-112
tasmiṃ,right_concentration,2,,136,23,1-24; 1-94
tasmiṃ,self-collectedness,2,,136,23,1-11; 1-88
tasmiṃ,this,2,,136,23,1-106; 1-110
tasmiṃ,absence_of_dullness,1,,136,23,1-34
tasmiṃ,balance,1,,136,23,1-57
tasmiṃ,faculty_of_concentration,1,,136,23,1-15
tasmiṃ,feeling,1,,136,23,1-3
tasmiṃ,intelligence,1,,136,23,1-53
tasmiṃ,intuition,1,,136,23,1-55
tasmiṃ,others_also,1,,136,23,1-57
tasmiṃ,power_of_concentration,1,,136,23,1-28
tasmiṃ,power_of_insight,1,,136,23,1-29
tasmiṃ,quiet,1,,136,23,1-54
tasmiṃ,skandha_of_consciousness,1,,136,23,1-63
tasmiṃ,skandha_of_feeling,1,,136,23,1-60
tasmiṃ,sustained_thinking,1,,136,23,1-85
tasmiṃ,sustained_thought,1,,136,23,1-8
tasmiṃ,wisdom,1,,136,23,1-16
Tasmiṃ,At_that,2,2,2,1,1-121; 1-58
tayo,three,3,,3,2,1-103; 1-58; 1-70
tayo,"are,",1,,3,2,1-58
tesaṃ,of_those,2,2,2,1,1-19; 1-82
thāmo,vigour,7,7,7,1,1-13; 1-22; 1-26; 1-56; 1-76
ujukatā,rectitude,2,2,2,1,1-50; 1-51
ujutā,straightness,2,2,2,1,1-50; 1-51
upalakkhaṇā,differentiation,10,10,10,1,1-100; 1-16; 1-20; 1-29; 1-34
upaparikkhā,breadth,10,10,10,1,1-100; 1-16; 1-20; 1-29; 1-34
upavicāro,access,2,2,2,1,1-8; 1-85
upekkhāsahagatā,(States),1,,2,3,1-0b-92
upekkhāsahagatā,accompanied_by_indifference,1,,2,3,1-0b-92
upekkhāsahagatā,by_indifference,1,,2,3,1-0a-7
uppannaṃ,arisen,1,1,1,1,1-1
uppannā,have_arisen,1,1,1,1,1-0a-17
uppādino,bound_to_arise,1,1,1,1,1-0a-17
upādiṇṇupādāniyā,grasped_at_and_favourable_to_grasping,1,1,1,1,1-0a-4
upādiṇṇā,grasped_at,1,1,1,1,1-0b-68
upādā,(States),1,,1,2,1-0b-67
upādā,derived,1,,1,2,1-0b-67
upādānasampayuttā,associated_with_grasping,1,,2,2,1-0b-71
upādānasampayuttā,the_latter,1,,2,2,1-0b-73
upādānavippayuttā,dissociated_from_grasping,2,2,2,1,1-0b-71; 1-0b-74
upādāniyā,favourable_to_grasping,1,,2,2,1-0b-70
upādāniyā,the_latter,1,,2,2,1-0b-72
upādāniyāpi,may_be_either_favourable,1,1,1,1,1-0b-74
upādānā,both_graspings,2,,3,3,1-0b-72; 1-0b-73
upādānā,(States),1,,3,3,1-0b-69
upādānā,graspings,1,,3,3,1-0b-69
ussoḷhī,ardour,7,7,7,1,1-13; 1-22; 1-26; 1-56; 1-76
ussāho,zeal,7,7,7,1,1-13; 1-22; 1-26; 1-56; 1-76
uyyāmo,exertion,7,7,7,1,1-13; 1-22; 1-26; 1-56; 1-76
vajirūpamā,comparable_to_the_thunderbolt,1,1,1,1,1-0b-102
vattanā,continuance,2,2,2,1,1-19; 1-82
vebhabyā,reflection,10,10,10,1,1-100; 1-16; 1-20; 1-29; 1-34
vedanā,feeling,4,,12,8,1-108; 1-121; 1-133; 1-3
vedanā,this,4,,12,8,1-108; 1-112; 1-3; 1-60
vedanā,ease,2,,12,8,1-10; 1-87
vedanā,at_that,1,,12,8,1-133
vedanā,faculty_of_gladness,1,,12,8,1-81
vedanā,faculty_of_pleasure,1,,12,8,1-18
vedanā,"is,",1,,12,8,1-1
vedanā,one,1,,12,8,1-58
vedanākkhandhassa,skandhas_of_feeling,6,6,6,1,1-40; 1-42; 1-44; 1-46; 1-48
vedanākkhandhaṃ,skandha_of_feeling,2,2,2,1,1-114; 1-62
vedanākkhandho,skandha_of_feeling,4,,5,3,1-112; 1-121; 1-137; 1-60
vedanākkhandho,at_that,1,,5,3,1-137
vedanākkhandho,one,1,,5,3,1-58
"Vedanākkhandho,","Skandha_of_feeling,",7,7,7,1,1-119; 1-120; 1-122; 1-123; 1-59
vedanāya,feeling,1,3,1,1,1-0a-2
vedayitaṃ,pleasurable,4,4,4,1,1-108; 1-112; 1-3; 1-60
vicayo,research,10,10,10,1,1-100; 1-16; 1-20; 1-29; 1-34
vicāro,sustained_thinking,3,,5,4,1-114; 1-62; 1-85
vicāro,sustained_procedure,2,,5,4,1-8; 1-85
vicāro,"is,",1,,5,4,1-1
vicāro,sustained_thought,1,,5,4,1-8
"vicāro,","sustained_thinking,",2,2,2,1,1-128; 1-83
vijjā,Wisdom_and,1,1,1,1,1-0b-141
vijjābhāgino,partake_of_wisdom,1,1,1,1,1-0b-101
vijjūpamā,resemble_lightning,1,1,1,1,1-0b-102
vipassanā,intelligence,10,,13,3,1-100; 1-16; 1-20; 1-29; 1-34
vipassanā,intuition,3,,13,3,1-114; 1-55; 1-62
vipassanā,"is,",1,,13,3,1-1
vipāka,(results),1,,1,2,1-0a-3
vipāka,resultant,1,,1,2,1-0a-3
vipākadhamma,(resultant_quality),1,1,1,1,1-0a-3
vipākā,results,1,1,1,1,1-0a-3
vitakko,application,4,,7,5,1-21; 1-7; 1-84; 1-91
vitakko,applied_thought,3,,7,5,1-114; 1-62; 1-84
vitakko,is.,2,,7,5,1-7; 1-84
vitakko,application_of_mind,1,,7,5,1-7
vitakko,"is,",1,,7,5,1-1
"Vitakko,","Applied_thought,",2,2,2,1,1-128; 1-83
vitti,felicity,2,2,2,1,1-86; 1-9
viññeyyā,(may_be_cognized),1,,1,2,1-0b-13
viññeyyā,may_be_cognized,1,,1,2,1-0b-13
viññāṇakkhandhassa,skandha_of_consciousness,5,,6,2,1-43; 1-45; 1-47; 1-49; 1-51
viññāṇakkhandhassa,skandha_of_mind,1,,6,2,1-41
viññāṇakkhandhaṃ,skandha_of_consciousness,2,2,2,1,1-114; 1-62
viññāṇakkhandho,appropriate_element_of_representative_intellection,11,,15,4,1-111; 1-115; 1-116; 1-117; 1-118
viññāṇakkhandho,skandha_of_consciousness,4,,15,4,1-115; 1-121; 1-122; 1-63
viññāṇakkhandho,is.,1,,15,4,1-115
viññāṇakkhandho,one,1,,15,4,1-58
viññāṇakkhandho.,skandha_of_consciousness.,1,1,1,1,1-59
viññāṇaṃ,skandha_of_consciousness,9,,12,3,1-111; 1-115; 1-116; 1-117; 1-118
viññāṇaṃ,skandha_of_intellection,2,,12,3,1-17; 1-6
viññāṇaṃ,appropriate_element_of_representative_intellection,1,,12,3,1-63
viññāṇāhāro,is.,1,,2,3,1-73
viññāṇāhāro,nutriment_of_consciousness,1,,2,3,1-126
viññāṇāhāro,nutriment_which_is_consciousness,1,,2,3,1-73
vā,at_that,1,,3,4,1-57
vā,or,1,,3,4,1-1
vā,"or_not,",1,,3,4,1-1
vā,those,1,,3,4,1-58
vāyāmo,endeavour,7,7,7,1,1-13; 1-22; 1-26; 1-56; 1-76
vīriyabalaṃ,power_of_energy,5,,10,4,1-114; 1-26; 1-62; 1-76; 1-97
vīriyabalaṃ,right_endeavour,5,,10,4,1-13; 1-22; 1-26; 1-56; 1-92
vīriyabalaṃ,"is,",1,,10,4,1-1
vīriyabalaṃ,is.,1,,10,4,1-26
"vīriyabalaṃ,","power_of_energy,",2,2,2,1,1-130; 1-95
vīriyaṃ,energy,7,7,7,1,1-13; 1-22; 1-26; 1-56; 1-76
vīriyindriyaṃ,energy_as_faculty_and_as_power,5,,10,4,1-13; 1-22; 1-26; 1-56; 1-92
vīriyindriyaṃ,faculty_of_energy,5,,10,4,1-114; 1-13; 1-62; 1-76; 1-97
vīriyindriyaṃ,"is,",1,,10,4,1-1
vīriyindriyaṃ,is.,1,,10,4,1-13
"vīriyindriyaṃ,","faculty_of_energy,",1,,2,2,1-127
"vīriyindriyaṃ,","Faculty_of_faith,",1,,2,2,1-74
vīriyārambho,inception_of_energy,7,7,7,1,1-13; 1-22; 1-26; 1-56; 1-76
yapanā,going_on,2,2,2,1,1-19; 1-82
Yasmiṃ,At_what,1,1,1,1,1-1
yathādiṭṭhissa,and_the_struggle_of_him_who_holds_the_views,1,1,1,1,1-0b-138
yaṃ,what,1,1,1,1,1-1
Yaṃ,Which,25,,26,2,1-10; 1-101; 1-102; 1-108; 1-111
Yaṃ,at_that,1,,26,2,1-63
ye,those,3,,4,2,1-114; 1-121; 1-62
ye,is;,1,,4,2,1-58
Ye,those,1,1,1,1,1-120
Yo,Which,24,24,24,1,1-104; 1-105; 1-107; 1-13; 1-19
yoganiyā,favourable_to_bonds,1,,2,2,1-0b-39
yoganiyā,the_latter,1,,2,2,1-0b-41
yoganiyāpi,may_be_favourable_to_bonds,1,1,1,1,1-0b-43
yogasampayuttā,associated_with_bonds,1,,2,2,1-0b-40
yogasampayuttā,the_latter,1,,2,2,1-0b-42
yogavippayuttā,are_dissociated_from_bonds,1,,2,2,1-0b-40
yogavippayuttā,dissociated_from_bonds,1,,2,2,1-0b-43
yogā,both_bonds,2,,3,3,1-0b-41; 1-0b-42
yogā,(States),1,,3,3,1-0b-38
yogā,bonds,1,,3,3,1-0b-38
Yā,Which,53,53,53,1,1-100; 1-106; 1-109; 1-11; 1-110
yāpanā,being_kept_going_on,2,2,2,1,1-19; 1-82
ñāṇasampayuttaṃ,associated_with_knowledge,1,1,1,1,1-1
ñāṇaṃ,knowledge_in_not_coming_to_pass,1,1,1,1,1-0b-142
ācayagāmino,going_to_building_up,1,1,1,1,1-0a-10
āhārā,nutriments,4,5,4,1,1-121; 1-126; 1-58; 1-70
āmodanā,rejoicing_at,2,2,2,1,1-86; 1-9
āpattikusalatā,Skill_in_offences_and,1,1,1,1,1-0b-119
āsavasampayuttā,associated_with_āsavas,2,,2,2,1-0b-16; 1-0b-18
āsavasampayuttā,(associated_with_āsavas),1,,2,2,1-0b-18
āsavavippayuttā,dissociated_from_āsavas,2,2,2,1,1-0b-16; 1-0b-19
āsavā,āsavas,3,,3,3,1-0b-14; 1-0b-17; 1-0b-18
āsavā,(āsavas),2,,3,3,1-0b-17; 1-0b-18
āsavā,(States),1,,3,3,1-0b-14
āyatanakusalatā,Skill_in_the_spheres_of_sense_and,1,1,1,1,1-0b-122
āyatanāni,spheres,2,3,2,1,1-121; 1-124
āyu,persistence,2,2,2,1,1-19; 1-82
ṭhapetvā,excluding,2,6,2,1,1-114; 1-62
ṭhiti,solidity,10,,12,2,1-11; 1-15; 1-24; 1-28; 1-54
ṭhiti,subsistence,2,,12,2,1-19; 1-82
ṭhānakusalatā,Skill_in_affirming_and,1,1,1,1,1-0b-123
–,this,32,,70,8,1-100; 1-104; 1-111; 1-115; 1-116
–,at_that,23,,70,8,1-108; 1-11; 1-112; 1-15; 1-16
–,occasion,6,,70,8,1-101; 1-102; 1-30; 1-31; 1-38
–,is.,4,,70,8,1-10; 1-18; 1-81; 1-87
–,States,2,,70,8,1-57; 1-58
–,these,2,,70,8,1-1; 1-123
–,purposefulness,1,,70,8,1-110
–,right_views,1,,70,8,1-106
